Workbook

Sheet Dex
A1: Pokemon | B1: Name in file | C1: Sprite
A2: Bulbasaur | B2: =LOWER(A2) -> bulbasaur | C2: =(IMAGE("https://play.pokemonshowdown.com/sprites/gen5/"&B2&".png", 3))
A3: Ivysaur | B3: =LOWER(A3) -> ivysaur | C3: =(IMAGE("https://play.pokemonshowdown.com/sprites/gen5/"&B3&".png", 3))
A4: Venusaur | B4: =LOWER(A4) -> venusaur | C4: =(IMAGE("https://play.pokemonshowdown.com/sprites/gen5/"&B4&".png", 3))
A5: Venusaur-Gmax | B5: =LOWER(A5) -> venusaur-gmax | C5: =(IMAGE("https://play.pokemonshowdown.com/sprites/gen5/"&B5&".png", 3))
A6: Venusaur-Mega | B6: =LOWER(A6) -> venusaur-mega | C6: =(IMAGE("https://play.pokemonshowdown.com/sprites/gen5/"&B6&".png", 3))
A7: Charmander | B7: =LOWER(A7) -> charmander | C7: =(IMAGE("https://play.pokemonshowdown.com/sprites/gen5/"&B7&".png", 3))
A8: Charmeleon | B8: =LOWER(A8) -> charmeleon | C8: =(IMAGE("https://play.pokemonshowdown.com/sprites/gen5/"&B8&".png", 3))
A9: Charizard | B9: =LOWER(A9) -> charizard | C9: =(IMAGE("https://play.pokemonshowdown.com/sprites/gen5/"&B9&".png", 3))
A10: Charizard-Gmax | B10: =LOWER(A10) -> charizard-gmax | C10: =(IMAGE("https://play.pokemonshowdown.com/sprites/gen5/"&B10&".png", 3))
A11: Charizard-Mega-X | B11: charizard-megax | C11: =(IMAGE("https://play.pokemonshowdown.com/sprites/gen5/"&B11&".png", 3))
A12: Charizard-Mega-Y | B12: charizard-megay | C12: =(IMAGE("https://play.pokemonshowdown.com/sprites/gen5/"&B12&".png", 3))
A13: Squirtle | B13: =LOWER(A13) -> squirtle | C13: =(IMAGE("https://play.pokemonshowdown.com/sprites/gen5/"&B13&".png", 3))
A14: Wartortle | B14: =LOWER(A14) -> wartortle | C14: =(IMAGE("https://play.pokemonshowdown.com/sprites/gen5/"&B14&".png", 3))
A15: Blastoise | B15: =LOWER(A15) -> blastoise | C15: =(IMAGE("https://play.pokemonshowdown.com/sprites/gen5/"&B15&".png", 3))
A16: Blastoise-Gmax | B16: =LOWER(A16) -> blastoise-gmax | C16: =(IMAGE("https://play.pokemonshowdown.com/sprites/gen5/"&B16&".png", 3))
A17: Blastoise-Mega | B17: =LOWER(A17) -> blastoise-mega | C17: =(IMAGE("https://play.pokemonshowdown.com/sprites/gen5/"&B17&".png", 3))
A18: Caterpie | B18: =LOWER(A18) -> caterpie | C18: =(IMAGE("https://play.pokemonshowdown.com/sprites/gen5/"&B18&".png", 3))
A19: Metapod | B19: =LOWER(A19) -> metapod | C19: =(IMAGE("https://play.pokemonshowdown.com/sprites/gen5/"&B19&".png", 3))
A20: Butterfree | B20: =LOWER(A20) -> butterfree | C20: =(IMAGE("https://play.pokemonshowdown.com/sprites/gen5/"&B20&".png", 3))
A21: Butterfree-Gmax | B21: =LOWER(A21) -> butterfree-gmax | C21: =(IMAGE("https://play.pokemonshowdown.com/sprites/gen5/"&B21&".png", 3))
A22: Weedle | B22: =LOWER(A22) -> weedle | C22: =(IMAGE("https://play.pokemonshowdown.com/sprites/gen5/"&B22&".png", 3))
A23: Kakuna | B23: =LOWER(A23) -> kakuna | C23: =(IMAGE("https://play.pokemonshowdown.com/sprites/gen5/"&B23&".png", 3))
A24: Beedrill | B24: =LOWER(A24) -> beedrill | C24: =(IMAGE("https://play.pokemonshowdown.com/sprites/gen5/"&B24&".png", 3))
... A45: Sandslash-Alola | B45: =LOWER(A45) -> sandslash-alola | C45: =(IMAGE("https://play.pokemonshowdown.com/sprites/gen5/"&B45&".png", 3))
A46: Nidoran-F | B46: nidoranf | C46: =(IMAGE("https://play.pokemonshowdown.com/sprites/gen5/"&B46&".png", 3))
A47: Nidorina | B47: =LOWER(A47) -> nidorina | C47: =(IMAGE("https://play.pokemonshowdown.com/sprites/gen5/"&B47&".png", 3))
A48: Nidoqueen | B48: =LOWER(A48) -> nidoqueen | C48: =(IMAGE("https://play.pokemonshowdown.com/sprites/gen5/"&B48&".png", 3))
A49: Nidoran-M | B49: nidoranm | C49: =(IMAGE("https://play.pokemonshowdown.com/sprites/gen5/"&B49&".png", 3))
A50: Nidorino | B50: =LOWER(A50) -> nidorino | C50: =(IMAGE("https://play.pokemonshowdown.com/sprites/gen5/"&B50&".png", 3))
A51: Nidoking | B51: =LOWER(A51) -> nidoking | C51: =(IMAGE("https://play.pokemonshowdown.com/sprites/gen5/"&B51&".png", 3))
A52: Clefairy | B52: =LOWER(A52) -> clefairy | C52: =(IMAGE("https://play.pokemonshowdown.com/sprites/gen5/"&B52&".png", 3))
A53: Clefable | B53: =LOWER(A53) -> clefable | C53: =(IMAGE("https://play.pokemonshowdown.com/sprites/gen5/"&B53&".png", 3))
A54: Vulpix | B54: =LOWER(A54) -> vulpix | C54: =(IMAGE("https://play.pokemonshowdown.com/sprites/gen5/"&B54&".png", 3))
A55: Vulpix-Alola | B55: =LOWER(A55) -> vulpix-alola | C55: =(IMAGE("https://play.pokemonshowdown.com/sprites/gen5/"&B55&".png", 3))
A56: Ninetales | B56: =LOWER(A56) -> ninetales | C56: =(IMAGE("https://play.pokemonshowdown.com/sprites/gen5/"&B56&".png", 3))
A57: Ninetales-Alola | B57: =LOWER(A57) -> ninetales-alola | C57: =(IMAGE("https://play.pokemonshowdown.com/sprites/gen5/"&B57&".png", 3))
A58: Jigglypuff | B58: =LOWER(A58) -> jigglypuff | C58: =(IMAGE("https://play.pokemonshowdown.com/sprites/gen5/"&B58&".png", 3))
A59: Wigglytuff | B59: =LOWER(A59) -> wigglytuff | C59: =(IMAGE("https://play.pokemonshowdown.com/sprites/gen5/"&B59&".png", 3))
A60: Zubat | B60: =LOWER(A60) -> zubat | C60: =(IMAGE("https://play.pokemonshowdown.com/sprites/gen5/"&B60&".png", 3))
A61: Golbat | B61: =LOWER(A61) -> golbat | C61: =(IMAGE("https://play.pokemonshowdown.com/sprites/gen5/"&B61&".png", 3))
... A119: Magneton | B119: =LOWER(A119) -> magneton | C119: =(IMAGE("https://play.pokemonshowdown.com/sprites/gen5/"&B119&".png", 3))
A120: Farfetch’d | B120: farfetchd | C120: =(IMAGE("https://play.pokemonshowdown.com/sprites/gen5/"&B120&".png", 3))
A121: Farfetch’d-Galar | B121: farfetchd-galar | C121: =(IMAGE("https://play.pokemonshowdown.com/sprites/gen5/"&B121&".png", 3))
A122: Doduo | B122: =LOWER(A122) -> doduo | C122: =(IMAGE("https://play.pokemonshowdown.com/sprites/gen5/"&B122&".png", 3))
A123: Dodrio | B123: =LOWER(A123) -> dodrio | C123: =(IMAGE("https://play.pokemonshowdown.com/sprites/gen5/"&B123&".png", 3))
A124: Seel | B124: =LOWER(A124) -> seel | C124: =(IMAGE("https://play.pokemonshowdown.com/sprites/gen5/"&B124&".png", 3))
A125: Dewgong | B125: =LOWER(A125) -> dewgong | C125: =(IMAGE("https://play.pokemonshowdown.com/sprites/gen5/"&B125&".png", 3))
A126: Grimer | B126: =LOWER(A126) -> grimer | C126: =(IMAGE("https://play.pokemonshowdown.com/sprites/gen5/"&B126&".png", 3))
A127: Grimer-Alola | B127: =LOWER(A127) -> grimer-alola | C127: =(IMAGE("https://play.pokemonshowdown.com/sprites/gen5/"&B127&".png", 3))
A128: Muk | B128: =LOWER(A128) -> muk | C128: =(IMAGE("https://play.pokemonshowdown.com/sprites/gen5/"&B128&".png", 3))
A129: Muk-Alola | B129: =LOWER(A129) -> muk-alola | C129: =(IMAGE("https://play.pokemonshowdown.com/sprites/gen5/"&B129&".png", 3))
A130: Shellder | B130: =LOWER(A130) -> shellder | C130: =(IMAGE("https://play.pokemonshowdown.com/sprites/gen5/"&B130&".png", 3))
A131: Cloyster | B131: =LOWER(A131) -> cloyster | C131: =(IMAGE("https://play.pokemonshowdown.com/sprites/gen5/"&B131&".png", 3))
A132: Gastly | B132: =LOWER(A132) -> gastly | C132: =(IMAGE("https://play.pokemonshowdown.com/sprites/gen5/"&B132&".png", 3))
A133: Haunter | B133: =LOWER(A133) -> haunter | C133: =(IMAGE("https://play.pokemonshowdown.com/sprites/gen5/"&B133&".png", 3))
... A170: Starmie | B170: =LOWER(A170) -> starmie | C170: =(IMAGE("https://play.pokemonshowdown.com/sprites/gen5/"&B170&".png", 3))
A171: Mr. Mime | B171: mrmime | C171: =(IMAGE("https://play.pokemonshowdown.com/sprites/gen5/"&B171&".png", 3))
A172: Mr. Mime-Galar | B172: mrmime-galar | C172: =(IMAGE("https://play.pokemonshowdown.com/sprites/gen5/"&B172&".png", 3))
A173: Scyther | B173: =LOWER(A173) -> scyther | C173: =(IMAGE("https://play.pokemonshowdown.com/sprites/gen5/"&B173&".png", 3))
A174: Jynx | B174: =LOWER(A174) -> jynx | C174: =(IMAGE("https://play.pokemonshowdown.com/sprites/gen5/"&B174&".png", 3))
A175: Electabuzz | B175: =LOWER(A175) -> electabuzz | C175: =(IMAGE("https://play.pokemonshowdown.com/sprites/gen5/"&B175&".png", 3))
A176: Magmar | B176: =LOWER(A176) -> magmar | C176: =(IMAGE("https://play.pokemonshowdown.com/sprites/gen5/"&B176&".png", 3))
A177: Pinsir | B177: =LOWER(A177) -> pinsir | C177: =(IMAGE("https://play.pokemonshowdown.com/sprites/gen5/"&B177&".png", 3))
A178: Pinsir-Mega | B178: =LOWER(A178) -> pinsir-mega | C178: =(IMAGE("https://play.pokemonshowdown.com/sprites/gen5/"&B178&".png", 3))
A179: Tauros | B179: =LOWER(A179) -> tauros | C179: =(IMAGE("https://play.pokemonshowdown.com/sprites/gen5/"&B179&".png", 3))
A180: Tauros-Paldea-Combat | B180: =LOWER(A180) -> tauros-paldea-combat | C180: =(IMAGE("https://play.pokemonshowdown.com/sprites/gen5/"&B180&".png", 3))
A181: Tauros-Paldea-Blaze | B181: =LOWER(A181) -> tauros-paldea-blaze | C181: =(IMAGE("https://play.pokemonshowdown.com/sprites/gen5/"&B181&".png", 3))
A182: Tauros-Paldea-Aqua | B182: =LOWER(A182) -> tauros-paldea-aqua | C182: =(IMAGE("https://play.pokemonshowdown.com/sprites/gen5/"&B182&".png", 3))
A183: Magikarp | B183: =LOWER(A183) -> magikarp | C183: =(IMAGE("https://play.pokemonshowdown.com/sprites/gen5/"&B183&".png", 3))
A184: Gyarados | B184: =LOWER(A184) -> gyarados | C184: =(IMAGE("https://play.pokemonshowdown.com/sprites/gen5/"&B184&".png", 3))
... A212: Mewtwo | B212: =LOWER(A212) -> mewtwo | C212: =(IMAGE("https://play.pokemonshowdown.com/sprites/gen5/"&B212&".png", 3))
A213: Mewtwo-Mega-X | B213: mewtwo-megax | C213: =(IMAGE("https://play.pokemonshowdown.com/sprites/gen5/"&B213&".png", 3))
A214: Mewtwo-Mega-Y | B214: mewtwo-megay | C214: =(IMAGE("https://play.pokemonshowdown.com/sprites/gen5/"&B214&".png", 3))
A215: Mew | B215: =LOWER(A215) -> mew | C215: =(IMAGE("https://play.pokemonshowdown.com/sprites/gen5/"&B215&".png", 3))
A216: Chikorita | B216: =LOWER(A216) -> chikorita | C216: =(IMAGE("https://play.pokemonshowdown.com/sprites/gen5/"&B216&".png", 3))
A217: Bayleef | B217: =LOWER(A217) -> bayleef | C217: =(IMAGE("https://play.pokemonshowdown.com/sprites/gen5/"&B217&".png", 3))
A218: Meganium | B218: =LOWER(A218) -> meganium | C218: =(IMAGE("https://play.pokemonshowdown.com/sprites/gen5/"&B218&".png", 3))
A219: Cyndaquil | B219: =LOWER(A219) -> cyndaquil | C219: =(IMAGE("https://play.pokemonshowdown.com/sprites/gen5/"&B219&".png", 3))
A220: Quilava | B220: =LOWER(A220) -> quilava | C220: =(IMAGE("https://play.pokemonshowdown.com/sprites/gen5/"&B220&".png", 3))
A221: Typhlosion | B221: =LOWER(A221) -> typhlosion | C221: =(IMAGE("https://play.pokemonshowdown.com/sprites/gen5/"&B221&".png", 3))
A222: Typhlosion-Hisui | B222: =LOWER(A222) -> typhlosion-hisui | C222: =(IMAGE("https://play.pokemonshowdown.com/sprites/gen5/"&B222&".png", 3))
A223: Totodile | B223: =LOWER(A223) -> totodile | C223: =(IMAGE("https://play.pokemonshowdown.com/sprites/gen5/"&B223&".png", 3))
A224: Croconaw | B224: =LOWER(A224) -> croconaw | C224: =(IMAGE("https://play.pokemonshowdown.com/sprites/gen5/"&B224&".png", 3))
A225: Feraligatr | B225: =LOWER(A225) -> feraligatr | C225: =(IMAGE("https://play.pokemonshowdown.com/sprites/gen5/"&B225&".png", 3))
A226: Sentret | B226: =LOWER(A226) -> sentret | C226: =(IMAGE("https://play.pokemonshowdown.com/sprites/gen5/"&B226&".png", 3))
... A325: Lugia | B325: =LOWER(A325) -> lugia | C325: =(IMAGE("https://play.pokemonshowdown.com/sprites/gen5/"&B325&".png", 3))
A326: Ho-Oh | B326: hooh | C326: =(IMAGE("https://play.pokemonshowdown.com/sprites/gen5/"&B326&".png", 3))
A327: Celebi | B327: =LOWER(A327) -> celebi | C327: =(IMAGE("https://play.pokemonshowdown.com/sprites/gen5/"&B327&".png", 3))
A328: Treecko | B328: =LOWER(A328) -> treecko | C328: =(IMAGE("https://play.pokemonshowdown.com/sprites/gen5/"&B328&".png", 3))
A329: Grovyle | B329: =LOWER(A329) -> grovyle | C329: =(IMAGE("https://play.pokemonshowdown.com/sprites/gen5/"&B329&".png", 3))
A330: Sceptile | B330: =LOWER(A330) -> sceptile | C330: =(IMAGE("https://play.pokemonshowdown.com/sprites/gen5/"&B330&".png", 3))
A331: Sceptile-Mega | B331: =LOWER(A331) -> sceptile-mega | C331: =(IMAGE("https://play.pokemonshowdown.com/sprites/gen5/"&B331&".png", 3))
A332: Torchic | B332: =LOWER(A332) -> torchic | C332: =(IMAGE("https://play.pokemonshowdown.com/sprites/gen5/"&B332&".png", 3))
A333: Combusken | B333: =LOWER(A333) -> combusken | C333: =(IMAGE("https://play.pokemonshowdown.com/sprites/gen5/"&B333&".png", 3))
A334: Blaziken | B334: =LOWER(A334) -> blaziken | C334: =(IMAGE("https://play.pokemonshowdown.com/sprites/gen5/"&B334&".png", 3))
A335: Blaziken-Mega | B335: =LOWER(A335) -> blaziken-mega | C335: =(IMAGE("https://play.pokemonshowdown.com/sprites/gen5/"&B335&".png", 3))
A336: Mudkip | B336: =LOWER(A336) -> mudkip | C336: =(IMAGE("https://play.pokemonshowdown.com/sprites/gen5/"&B336&".png", 3))
A337: Marshtomp | B337: =LOWER(A337) -> marshtomp | C337: =(IMAGE("https://play.pokemonshowdown.com/sprites/gen5/"&B337&".png", 3))
A338: Swampert | B338: =LOWER(A338) -> swampert | C338: =(IMAGE("https://play.pokemonshowdown.com/sprites/gen5/"&B338&".png", 3))
...

Sheet Brawly Split
B1: Route 102
A2: Name | B2: Youngster Calvin
A3: Pokémon | B3: {=iferror(VLOOKUP(INDIRECT(ADDRESS(ROW()+1,COLUMN(), 4)),Dex!$A$2:$C293,3,false),"")} | C3: {=iferror(VLOOKUP(INDIRECT(ADDRESS(ROW()+1,COLUMN(), 4)),Dex!$A$2:$C293,3,false),"")} | D3: {=iferror(VLOOKUP(INDIRECT(ADDRESS(ROW()+1,COLUMN(), 4)),Dex!$A$2:$C293,3,false),"")} | H3: {=iferror(VLOOKUP("TRAINER_PIC_YOUNGSTER",Sprites!$A$1:$B293,2,false),"")}
B4: Poochyena | C4: Lillipup | D4: Rookidee
A5: Level | B5: 5 | C5: 6 | D5: 6
A6: Held Item
A7: Ability | B7: Rattled | C7: Vital Spirit | D7: Keen Eye
A8: Nature | B8: Bashful | C8: Bashful | D8: Bashful
A9: Moves | B9: Bite | C9: Tackle | D9: Wing Attack
B10: Quick Attack | C10: Bite | D10: Sand Attack
B11: Sand Attack | C11: Sand Attack | D11: Swagger
A13: Name | B13: Bug Catcher Rick
A14: Pokémon | B14: {=iferror(VLOOKUP(INDIRECT(ADDRESS(ROW()+1,COLUMN(), 4)),Dex!$A$2:$C293,3,false),"")} | C14: {=iferror(VLOOKUP(INDIRECT(ADDRESS(ROW()+1,COLUMN(), 4)),Dex!$A$2:$C293,3,false),"")} | D14: {=iferror(VLOOKUP(INDIRECT(ADDRESS(ROW()+1,COLUMN(), 4)),Dex!$A$2:$C293,3,false),"")} | H14: {=iferror(VLOOKUP("TRAINER_PIC_BUG_CATCHER",Sprites!$A$1:$B293,2,false),"")}
B15: Grubbin | C15: Pineco | D15: Sizzlipede
A16: Level | B16: 6 | C16: 6 | D16: 7
A17: Held Item | B17: Oran Berry | C17: Oran Berry | D17: Oran Berry
A18: Ability | B18: Swarm | C18: Sturdy | D18: Flash Fire
A19: Nature | B19: Bashful | C19: Bashful | D19: Bashful
A20: Moves | B20: Bug Bite | C20: Pin Missile | D20: Bug Bite
B21: Spark | C21: Iron Defense | D21: Ember
B22: Vise Grip | D22: Wrap
A24: Name | B24: Youngster Allen
A25: Pokémon | B25: {=iferror(VLOOKUP(INDIRECT(ADDRESS(ROW()+1,COLUMN(), 4)),Dex!$A$2:$C293,3,false),"")} | C25: {=iferror(VLOOKUP(INDIRECT(ADDRESS(ROW()+1,COLUMN(), 4)),Dex!$A$2:$C293,3,false),"")} | D25: {=iferror(VLOOKUP(INDIRECT(ADDRESS(ROW()+1,COLUMN(), 4)),Dex!$A$2:$C293,3,false),"")} | H25: {=iferror(VLOOKUP("TRAINER_PIC_YOUNGSTER",Sprites!$A$1:$B293,2,false),"")}
B26: Skiddo | C26: Litleo | D26: Psyduck
A27: Level | B27: 7 | C27: 6 | D27: 7
A28: Held Item | B28: Lum Berry | C28: Oran Berry | D28: Oran Berry
A29: Ability | B29: Sap Sipper | C29: Unnerve | D29: Swift Swim
A30: Nature | B30: Bashful | C30: Bashful | D30: Bashful
A31: Moves | B31: Vine Whip | C31: Headbutt | D31: Bubble Beam
B32: Tackle | C32: Ember | D32: Psywave
B33: Synthesis | C33: Work Up
A35: Name | B35: Lass Tiana
A36: Pokémon | B36: {=iferror(VLOOKUP(INDIRECT(ADDRESS(ROW()+1,COLUMN(), 4)),Dex!$A$2:$C293,3,false),"")} | C36: {=iferror(VLOOKUP(INDIRECT(ADDRESS(ROW()+1,COLUMN(), 4)),Dex!$A$2:$C293,3,false),"")} | H36: {=iferror(VLOOKUP("TRAINER_PIC_LASS",Sprites!$A$1:$B293,2,false),"")}
B37: Swirlix | C37: Spinda
A38: Level | B38: 7 | C38: 8
A39: Held Item | B39: Berry Juice | C39: Berry Juice
A40: Ability | B40: Unburden | C40: Own Tempo
A41: Nature | B41: Bashful | C41: Bashful
A42: Moves | B42: Fairy Wind | C42: Fake Out
B43: Metronome | C43: Metronome
B46: Route 104
A47: Name | B47: Triathlete Mikey
A48: Pokémon | B48: {=iferror(VLOOKUP(INDIRECT(ADDRESS(ROW()+1,COLUMN(), 4)),Dex!$A$2:$C293,3,false),"")} | C48: {=iferror(VLOOKUP(INDIRECT(ADDRESS(ROW()+1,COLUMN(), 4)),Dex!$A$2:$C293,3,false),"")} | D48: {=iferror(VLOOKUP(INDIRECT(ADDRESS(ROW()+1,COLUMN(), 4)),Dex!$A$2:$C293,3,false),"")} | H48: {=iferror(VLOOKUP("TRAINER_PIC_RUNNING_TRIATHLETE_M",Sprites!$A$1:$B293,2,false),"")}
B49: Krabby | C49: Clobbopus | D49: Yanma
A50: Level | B50: 9 | C50: 9 | D50: 9
A51: Held Item | B51: Oran Berry | C51: Oran Berry | D51: Iron Ball
A52: Ability | B52: Shell Armor | C52: Limber | D52: Speed Boost
A53: Nature | B53: Relaxed | C53: Jolly | D53: Jolly
A54: Moves | B54: Aqua Jet | C54: Rock Smash | D54: Acrobatics
B55: Stomp | C55: Bind | D55: Sonic Boom
B56: Mud Shot | C56: Detect
A58: Name | B58: Fisherman Darian
A59: Pokémon | B59: {=iferror(VLOOKUP(INDIRECT(ADDRESS(ROW()+1,COLUMN(), 4)),Dex!$A$2:$C293,3,false),"")} | C59: {=iferror(VLOOKUP(INDIRECT(ADDRESS(ROW()+1,COLUMN(), 4)),Dex!$A$2:$C293,3,false),"")} | H59: {=iferror(VLOOKUP("TRAINER_PIC_FISHERMAN",Sprites!$A$1:$B293,2,false),"")}
B60: Magikarp | C60: Magikarp
A61: Level | B61: 12 | C61: 12
A62: Held Item | B62: Choice Band | C62: Focus Sash
A63: Ability | B63: Rattled | C63: Rattled
A64: Nature | B64: Adamant | C64: Hasty
A65: Moves | B65: Bounce | C65: Hydro Pump
C66: Tackle
C67: Flail
A69: Name | B69: Lady Cindy
A70: Pokémon | B70: {=iferror(VLOOKUP(INDIRECT(ADDRESS(ROW()+1,COLUMN(), 4)),Dex!$A$2:$C293,3,false),"")} | C70: {=iferror(VLOOKUP(INDIRECT(ADDRESS(ROW()+1,COLUMN(), 4)),Dex!$A$2:$C293,3,false),"")} | D70: {=iferror(VLOOKUP(INDIRECT(ADDRESS(ROW()+1,COLUMN(), 4)),Dex!$A$2:$C293,3,false),"")} | H70: {=iferror(VLOOKUP("TRAINER_PIC_LADY",Sprites!$A$1:$B293,2,false),"")}
B71: Minccino | C71: Jigglypuff | D71: Phanpy
A72: Level | B72: 10 | C72: 10 | D72: 10
A73: Held Item | B73: Oran Berry | C73: Oran Berry | D73: Oran Berry
A74: Ability | B74: Cute Charm | C74: Cute Charm | D74: Cute Charm
A75: Nature | B75: Modest | C75: Bold | D75: Jolly
A76: Moves | B76: Swift | C76: Round | D76: Stomp
B77: Attract | C77: Draining Kiss | D77: Attract
B78: Thunder Wave | C78: Attract
C79: Thunder Wave
A80: Name | B80: Team Aqua Grunt Petalburg Woods [Boss]
A81: Pokémon | B81: {=iferror(VLOOKUP(INDIRECT(ADDRESS(ROW()+1,COLUMN(), 4)),Dex!$A$2:$C293,3,false),"")} | C81: {=iferror(VLOOKUP(INDIRECT(ADDRESS(ROW()+1,COLUMN(), 4)),Dex!$A$2:$C293,3,false),"")} | D81: {=iferror(VLOOKUP(INDIRECT(ADDRESS(ROW()+1,COLUMN(), 4)),Dex!$A$2:$C293,3,false),"")} | H81: {=iferror(VLOOKUP("TRAINER_PIC_AQUA_GRUNT_M",Sprites!$A$1:$B293,2,false),"")}
B82: Carvanha | C82: Croagunk | D82: Exeggcute
A83: Level | B83: 11 | C83: 12 | D83: 11
A84: Held Item | B84: Oran Berry | C84: Salac Berry | D84: Oran Berry
A85: Ability | B85: Rough Skin | C85: Poison Touch | D85: Harvest
A86: Nature | B86: Naive | C86: Hasty | D86: Relaxed
A87: Moves | B87: Bite | C87: Belch | D87: Confusion
B88: Water Pulse | C88: Rock Smash | D88: Bullet Seed
B89: Aqua Jet | C89: Poison Sting | D89: Leech Seed
B90: Poison Fang | C90: Fake Out | D90: Stun Spore
B91: Route 106
A92: Name | B92: Fisherman Elliot
A93: Pokémon | B93: {=iferror(VLOOKUP(INDIRECT(ADDRESS(ROW()+1,COLUMN(), 4)),Dex!$A$2:$C293,3,false),"")} | C93: {=iferror(VLOOKUP(INDIRECT(ADDRESS(ROW()+1,COLUMN(), 4)),Dex!$A$2:$C293,3,false),"")} | D93: {=iferror(VLOOKUP(INDIRECT(ADDRESS(ROW()+1,COLUMN(), 4)),Dex!$A$2:$C293,3,false),"")} | H93: {=iferror(VLOOKUP("TRAINER_PIC_FISHERMAN",Sprites!$A$1:$B293,2,false),"")}
B94: Staryu | C94: Lombre | D94: Arrokuda
A95: Level | B95: 13 | C95: 13 | D95: 13
A96: Held Item | B96: Mystic Water | C96: Lum Berry | D96: Flying Gem
A97: Ability | B97: Natural Cure | C97: Swift Swim | D97: Swift Swim
A98: Nature | B98: Timid | C98: Timid | D98: Adamant
A99: Moves | B99: Water Pulse | C99: Giga Drain | D99: Aqua Jet
B100: Aurora Beam | C100: Bubble Beam | D100: Bite
B101: Psybeam | C101: Seismic Toss | D101: Peck
B102: Shock Wave | C102: Teeter Dance | D102: Laser Focus
A103: Name | B103: Ruin Maniac Georgie
A104: Pokémon | B104: {=iferror(VLOOKUP(INDIRECT(ADDRESS(ROW()+1,COLUMN(), 4)),Dex!$A$2:$C293,3,false),"")} | C104: {=iferror(VLOOKUP(INDIRECT(ADDRESS(ROW()+1,COLUMN(), 4)),Dex!$A$2:$C293,3,false),"")} | D104: {=iferror(VLOOKUP(INDIRECT(ADDRESS(ROW()+1,COLUMN(), 4)),Dex!$A$2:$C293,3,false),"")} | E104: {=iferror(VLOOKUP(INDIRECT(ADDRESS(ROW()+1,COLUMN(), 4)),Dex!$A$2:$C293,3,false),"")} | H104: {=iferror(VLOOKUP("TRAINER_PIC_RUIN_MANIAC",Sprites!$A$1:$B293,2,false),"")}
B105: Dwebble | C105: Sandygast | D105: Mawile | E105: Munchlax
A106: Level | B106: 13 | C106: 14 | D106: 13 | E106: 13
A107: Held Item | B107: Berry Juice | C107: Lum Berry | D107: Leftovers | E107: Salac Berry
...

Sheet Sprites
A1: TRAINER_PIC_AQUA_ADMIN_F
A2: TRAINER_PIC_AQUA_ADMIN_M
A3: TRAINER_PIC_AQUA_GRUNT_F
A4: TRAINER_PIC_AQUA_GRUNT_M
A5: TRAINER_PIC_AQUA_LEADER_ARCHIE
A6: TRAINER_PIC_ARENA_TYCOON_GRETA
A7: TRAINER_PIC_AROMA_LADY
A8: TRAINER_PIC_BATTLE_GIRL
A9: TRAINER_PIC_BEAUTY
A10: TRAINER_PIC_BIRD_KEEPER
A11: TRAINER_PIC_BLACK_BELT
A12: TRAINER_PIC_BRENDAN
... A95: TRAINER_PIC_YOUNGSTER

Sheet Roxanne Split
B1: Petalburg Woods
A2: Name | B2: Bug Catcher Lyle
A3: Pokémon | B3: {=iferror(VLOOKUP(INDIRECT(ADDRESS(ROW()+1,COLUMN(), 4)),Dex!$A$2:$C213,3,false),"")} | C3: {=iferror(VLOOKUP(INDIRECT(ADDRESS(ROW()+1,COLUMN(), 4)),Dex!$A$2:$C213,3,false),"")} | D3: {=iferror(VLOOKUP(INDIRECT(ADDRESS(ROW()+1,COLUMN(), 4)),Dex!$A$2:$C213,3,false),"")} | H3: {=iferror(VLOOKUP("TRAINER_PIC_BUG_CATCHER",Sprites!$A$1:$B213,2,false),"")}
B4: Ariados | C4: Kricketune | D4: Ninjask
A5: Level | B5: 21 | C5: 21 | D5: 21
A6: Held Item | B6: Scope Lens | C6: Lum Berry | D6: White Herb
A7: Ability | B7: Sniper | C7: Technician | D7: Speed Boost
A8: Nature | B8: Jolly | C8: Jolly | D8: Naughty
A9: Moves | B9: Cross Poison | C9: Bug Bite | D9: Leech Life
B10: Pin Missile | C10: Fell Stinger | D10: Dual Wingbeat
B11: Night Slash | C11: Rock Smash | D11: Giga Drain
B12: Shadow Sneak | C12: Aerial Ace
A13: Name | B13: Bug Maniac James
A14: Pokémon | B14: {=iferror(VLOOKUP(INDIRECT(ADDRESS(ROW()+1,COLUMN(), 4)),Dex!$A$2:$C213,3,false),"")} | C14: {=iferror(VLOOKUP(INDIRECT(ADDRESS(ROW()+1,COLUMN(), 4)),Dex!$A$2:$C213,3,false),"")} | D14: {=iferror(VLOOKUP(INDIRECT(ADDRESS(ROW()+1,COLUMN(), 4)),Dex!$A$2:$C213,3,false),"")} | E14: {=iferror(VLOOKUP(INDIRECT(ADDRESS(ROW()+1,COLUMN(), 4)),Dex!$A$2:$C213,3,false),"")} | H14: {=iferror(VLOOKUP("TRAINER_PIC_BUG_MANIAC",Sprites!$A$1:$B213,2,false),"")}
B15: Larvesta | C15: Vibrava | D15: Shedinja | E15: Ribombee
A16: Level | B16: 21 | C16: 21 | D16: 22 | E16: 21
A17: Held Item | B17: Eviolite | C17: Yache Berry | D17: Bright Powder | E17: Wise Glasses
A18: Ability | B18: Flame Body | C18: Levitate | D18: Wonder Guard | E18: Shield Dust
A19: Nature | B19: Careful | C19: Jolly | D19: Quiet | E19: Timid
A20: Moves | B20: Skitter Smack | C20: Stomping Tantrum | D20: X-Scissor | E20: Signal Beam
B21: Flame Charge | C21: Breaking Swipe | D21: Hex | E21: Draining Kiss
B22: Roost | C22: Bug Bite | D22: Shadow Sneak | E22: Magical Leaf
B23: Will-O-Wisp | C23: Roost | D23: Will-O-Wisp | E23: Fake Tears
B24: Route 104
A25: Name | B25: Rich Boy Winston
A26: Pokémon | B26: {=iferror(VLOOKUP(INDIRECT(ADDRESS(ROW()+1,COLUMN(), 4)),Dex!$A$2:$C213,3,false),"")} | C26: {=iferror(VLOOKUP(INDIRECT(ADDRESS(ROW()+1,COLUMN(), 4)),Dex!$A$2:$C213,3,false),"")} | H26: {=iferror(VLOOKUP("TRAINER_PIC_RICH_BOY",Sprites!$A$1:$B213,2,false),"")}
B27: Furfrou | C27: Mightyena
A28: Level | B28: 21 | C28: 22
A29: Held Item | B29: Leftovers | C29: Leftovers
A30: Ability | B30: Fur Coat | C30: Intimidate
A31: Nature | B31: Impish | C31: Jolly
A32: Moves | B32: Headbutt | C32: Crunch
B33: Covet | C33: Ice Fang
B34: Rock Smash | C34: Fire Fang
C35: Covet
A36: Name | B36: Fisherman Ivan
A37: Pokémon | B37: {=iferror(VLOOKUP(INDIRECT(ADDRESS(ROW()+1,COLUMN(), 4)),Dex!$A$2:$C213,3,false),"")} | C37: {=iferror(VLOOKUP(INDIRECT(ADDRESS(ROW()+1,COLUMN(), 4)),Dex!$A$2:$C213,3,false),"")} | D37: {=iferror(VLOOKUP(INDIRECT(ADDRESS(ROW()+1,COLUMN(), 4)),Dex!$A$2:$C213,3,false),"")} | H37: {=iferror(VLOOKUP("TRAINER_PIC_FISHERMAN",Sprites!$A$1:$B213,2,false),"")}
B38: Qwilfish | C38: Seadra | D38: Sealeo
A39: Level | B39: 22 | C39: 21 | D39: 21
A40: Held Item | B40: Black Sludge | C40: Lum Berry | D40: Lum Berry
A41: Ability | B41: Intimidate | C41: Sniper | D41: Ice Body
A42: Nature | B42: Hasty | C42: Hasty | D42: Bold
A43: Moves | B43: Dive | C43: Brine | D43: Aurora Beam
B44: Venoshock | C44: Headbutt | D44: Whirlpool
B45: Toxic | C45: Aurora Beam | D45: Hail
B46: Protect | C46: Focus Energy | D46: Protect
A47: Name | B47: Twins Gina And Mia [Double]
A48: Pokémon | B48: {=iferror(VLOOKUP(INDIRECT(ADDRESS(ROW()+1,COLUMN(), 4)),Dex!$A$2:$C213,3,false),"")} | C48: {=iferror(VLOOKUP(INDIRECT(ADDRESS(ROW()+1,COLUMN(), 4)),Dex!$A$2:$C213,3,false),"")} | D48: {=iferror(VLOOKUP(INDIRECT(ADDRESS(ROW()+1,COLUMN(), 4)),Dex!$A$2:$C213,3,false),"")} | E48: {=iferror(VLOOKUP(INDIRECT(ADDRESS(ROW()+1,COLUMN(), 4)),Dex!$A$2:$C213,3,false),"")} | H48: {=iferror(VLOOKUP("TRAINER_PIC_TWINS",Sprites!$A$1:$B213,2,false),"")}
B49: Dedenne | C49: Clefairy | D49: Abra | E49: Togedemaru
A50: Level | B50: 22 | C50: 21 | D50: 20 | E50: 19
A51: Held Item | B51: Sitrus Berry | C51: Eviolite | D51: Lum Berry | E51: Lum Berry
A52: Ability | B52: Cheek Pouch | C52: Friend Guard | D52: Magic Guard | E52: Sturdy
A53: Nature | B53: Modest | C53: Bold | D53: Timid | E53: Jolly
A54: Moves | B54: Dazzling Gleam | C54: Follow Me | D54: Psybeam | E54: Iron Head
B55: Electroweb | C55: Helping Hand | D55: Dazzling Gleam | E55: Zing Zap
E56: Fake Out
E57: Helping Hand
A58: Name | B58: Lass Haley
A59: Pokémon | B59: {=iferror(VLOOKUP(INDIRECT(ADDRESS(ROW()+1,COLUMN(), 4)),Dex!$A$2:$C213,3,false),"")} | C59: {=iferror(VLOOKUP(INDIRECT(ADDRESS(ROW()+1,COLUMN(), 4)),Dex!$A$2:$C213,3,false),"")} | D59: {=iferror(VLOOKUP(INDIRECT(ADDRESS(ROW()+1,COLUMN(), 4)),Dex!$A$2:$C213,3,false),"")} | E59: {=iferror(VLOOKUP(INDIRECT(ADDRESS(ROW()+1,COLUMN(), 4)),Dex!$A$2:$C213,3,false),"")} | H59: {=iferror(VLOOKUP("TRAINER_PIC_LASS",Sprites!$A$1:$B213,2,false),"")}
B60: Lumineon | C60: Gloom | D60: Staravia | E60: Numel
A61: Level | B61: 22 | C61: 21 | D61: 22 | E61: 23
A62: Held Item | B62: Lum Berry | C62: Lum Berry | D62: Fighting Gem | E62: Passho Berry
A63: Ability | B63: Water Veil | C63: Stench | D63: Intimidate | E63: Simple
A64: Nature | B64: Timid | C64: Bold | D64: Jolly | E64: Modest
A65: Moves | B65: Surf | C65: Sludge | D65: Dual Wingbeat | E65: Earth Power
B66: Air Slash | C66: Magical Leaf | D66: Quick Attack | E66: Lava Plume
B67: Icy Wind | C67: Sleep Powder | D67: Steel Wing | E67: Flame Charge
C68: Strength Sap | D68: Rock Smash | E68: Ancient Power
B69: Route 116
A70: Name | B70: Youngster Joey
A71: Pokémon | B71: {=iferror(VLOOKUP(INDIRECT(ADDRESS(ROW()+1,COLUMN(), 4)),Dex!$A$2:$C213,3,false),"")} | C71: {=iferror(VLOOKUP(INDIRECT(ADDRESS(ROW()+1,COLUMN(), 4)),Dex!$A$2:$C213,3,false),"")} | D71: {=iferror(VLOOKUP(INDIRECT(ADDRESS(ROW()+1,COLUMN(), 4)),Dex!$A$2:$C213,3,false),"")} | H71: {=iferror(VLOOKUP("TRAINER_PIC_YOUNGSTER",Sprites!$A$1:$B213,2,false),"")}
B72: Raticate | C72: Linoone-Galar | D72: Pidgeotto
A73: Level | B73: 22 | C73: 23 | D73: 23
A74: Held Item | B74: Muscle Band | C74: Lum Berry | D74: Lum Berry
A75: Ability | B75: Guts | C75: Quick Feet | D75: Keen Eye
A76: Nature | B76: Jolly | C76: Jolly | D76: Naive
A77: Moves | B77: Hyper Fang | C77: Retaliate | D77: Air Slash
B78: Zen Headbutt | C78: Slash | D78: Swift
B79: Brick Break | C79: Night Slash | D79: Heat Wave
B80: Sucker Punch | C80: Seed Bomb | D80: Steel Wing
A81: Name | B81: Lass Janice
A82: Pokémon | B82: {=iferror(VLOOKUP(INDIRECT(ADDRESS(ROW()+1,COLUMN(), 4)),Dex!$A$2:$C213,3,false),"")} | C82: {=iferror(VLOOKUP(INDIRECT(ADDRESS(ROW()+1,COLUMN(), 4)),Dex!$A$2:$C213,3,false),"")} | D82: {=iferror(VLOOKUP(INDIRECT(ADDRESS(ROW()+1,COLUMN(), 4)),Dex!$A$2:$C213,3,false),"")} | H82: {=iferror(VLOOKUP("TRAINER_PIC_LASS",Sprites!$A$1:$B213,2,false),"")}
B83: Oricorio | C83: Brionne | D83: Whimsicott
A84: Level | B84: 23 | C84: 22 | D84: 24
A85: Held Item | B85: Lum Berry | C85: Metronome | D85: Kebia Berry
A86: Ability | B86: Dancer | C86: Liquid Voice | D86: Prankster
A87: Nature | B87: Hasty | C87: Bold | D87: Timid
A88: Moves | B88: Revelation Dance | C88: Echoed Voice | D88: Energy Ball
B89: Pluck | D89: Dazzling Gleam
B90: Feather Dance | D90: Nature Power
B91: Swords Dance | D91: Grass Whistle
A92: Name | B92: Rich Boy Dawson
A93: Pokémon | B93: {=iferror(VLOOKUP(INDIRECT(ADDRESS(ROW()+1,COLUMN(), 4)),Dex!$A$2:$C213,3,false),"")} | C93: {=iferror(VLOOKUP(INDIRECT(ADDRESS(ROW()+1,COLUMN(), 4)),Dex!$A$2:$C213,3,false),"")} | H93: {=iferror(VLOOKUP("TRAINER_PIC_RICH_BOY",Sprites!$A$1:$B213,2,false),"")}
B94: Komala | C94: Gyarados
A95: Level | B95: 22 | C95: 23
A96: Held Item | B96: Chople Berry | C96: Sitrus Berry
A97: Ability | B97: Comatose | C97: Intimidate
A98: Nature | B98: Adamant | C98: Timid
A99: Moves | B99: Body Slam | C99: Dragon Rage
B100: Wood Hammer
...

Sheet Wattson Split
B1: Rusturf Tunnel
A2: Name | B2: Hiker Mike
A3: Pokémon | B3: {=iferror(VLOOKUP(INDIRECT(ADDRESS(ROW()+1,COLUMN(), 4)),Dex!$A$2:$C237,3,false),"")} | C3: {=iferror(VLOOKUP(INDIRECT(ADDRESS(ROW()+1,COLUMN(), 4)),Dex!$A$2:$C237,3,false),"")} | D3: {=iferror(VLOOKUP(INDIRECT(ADDRESS(ROW()+1,COLUMN(), 4)),Dex!$A$2:$C237,3,false),"")} | E3: {=iferror(VLOOKUP(INDIRECT(ADDRESS(ROW()+1,COLUMN(), 4)),Dex!$A$2:$C237,3,false),"")} | H3: {=iferror(VLOOKUP("TRAINER_PIC_HIKER",Sprites!$A$1:$B237,2,false),"")}
B4: Sandaconda | C4: Probopass | D4: Stoutland | E4: Clefable
A5: Level | B5: 25 | C5: 26 | D5: 26 | E5: 25
A6: Held Item | B6: Lum Berry | C6: Leftovers | D6: Lum Berry | E6: Pixie Plate
A7: Ability | B7: Sand Spit | C7: Sand Force | D7: Sand Rush | E7: Magic Guard
A8: Nature | B8: Careful | C8: Modest | D8: Adamant | E8: Timid
A9: Moves | B9: Earthquake | C9: Power Gem | D9: Body Slam | E9: Draining Kiss
B10: Stone Edge | C10: Flash Cannon | D10: Play Rough | E10: Ice Beam
B11: Fire Fang | C11: Earth Power | D11: Submission | E11: Thunderbolt
B12: Glare | C12: Thunderbolt | D12: Howl | E12: Mystical Fire
B13: Route 117
A14: Name | B14: Breeder Lydia
A15: Pokémon | B15: {=iferror(VLOOKUP(INDIRECT(ADDRESS(ROW()+1,COLUMN(), 4)),Dex!$A$2:$C237,3,false),"")} | C15: {=iferror(VLOOKUP(INDIRECT(ADDRESS(ROW()+1,COLUMN(), 4)),Dex!$A$2:$C237,3,false),"")} | D15: {=iferror(VLOOKUP(INDIRECT(ADDRESS(ROW()+1,COLUMN(), 4)),Dex!$A$2:$C237,3,false),"")} | E15: {=iferror(VLOOKUP(INDIRECT(ADDRESS(ROW()+1,COLUMN(), 4)),Dex!$A$2:$C237,3,false),"")} | H15: {=iferror(VLOOKUP("TRAINER_PIC_POKEMON_BREEDER_F",Sprites!$A$1:$B237,2,false),"")}
B16: Gothitelle | C16: Hitmonchan | D16: Toxtricity | E16: Sableye
A17: Level | B17: 26 | C17: 26 | D17: 26 | E17: 27
A18: Held Item | B18: Leftovers | C18: Lum Berry | D18: Lum Berry | E18: Sitrus Berry
A19: Ability | B19: Shadow Tag | C19: Iron Fist | D19: Technician | E19: Prankster
A20: Nature | B20: Bold | C20: Jolly | D20: Rash | E20: Bold
A21: Moves | B21: Psychic | C21: Sky Uppercut | D21: Shock Wave | E21: Foul Play
B22: Draining Kiss | C22: Mach Punch | D22: Drain Punch | E22: Night Shade
B23: Calm Mind | C23: Ice Punch | D23: Payback | E23: Will-O-Wisp
B24: Rest | C24: Shadow Punch | D24: Shift Gear | E24: Recover
A25: Name | B25: Breeder Corgi
A26: Pokémon | B26: {=iferror(VLOOKUP(INDIRECT(ADDRESS(ROW()+1,COLUMN(), 4)),Dex!$A$2:$C237,3,false),"")} | C26: {=iferror(VLOOKUP(INDIRECT(ADDRESS(ROW()+1,COLUMN(), 4)),Dex!$A$2:$C237,3,false),"")} | D26: {=iferror(VLOOKUP(INDIRECT(ADDRESS(ROW()+1,COLUMN(), 4)),Dex!$A$2:$C237,3,false),"")} | E26: {=iferror(VLOOKUP(INDIRECT(ADDRESS(ROW()+1,COLUMN(), 4)),Dex!$A$2:$C237,3,false),"")} | F26: {=iferror(VLOOKUP(INDIRECT(ADDRESS(ROW()+1,COLUMN(), 4)),Dex!$A$2:$C237,3,false),"")} | H26: {=iferror(VLOOKUP("TRAINER_PIC_POKEMON_BREEDER_M",Sprites!$A$1:$B237,2,false),"")}
B27: Arcanine | C27: Furfrou | D27: Lucario | E27: Manectric | F27: Boltund
A28: Level | B28: 27 | C28: 28 | D28: 27 | E28: 27 | F28: 27
A29: Held Item | B29: Sitrus Berry | C29: Leftovers | D29: Lum Berry | E29: Lum Berry | F29: Focus Sash
A30: Ability | B30: Intimidate | C30: Fur Coat | D30: Steadfast | E30: Static | F30: Strong Jaw
A31: Nature | B31: Jolly | C31: Jolly | D31: Timid | E31: Naive | F31: Jolly
A32: Moves | B32: Flare Blitz | C32: Return | D32: Aura Sphere | E32: Thunderbolt | F32: Thunder Fang
B33: Wild Charge | C33: Iron Tail | D33: Flash Cannon | E33: Flamethrower | F33: Psychic Fangs
B34: Extreme Speed | C34: Play Rough | D34: Shadow Ball | E34: Crunch | F34: Crunch
B35: Will-O-Wisp | C35: Attract | D35: Magnet Rise | E35: Ice Fang | F35: Howl
A36: Name | B36: Psychic Brandi & Battle Girl Aisha [Double]
A37: Pokémon | B37: {=iferror(VLOOKUP(INDIRECT(ADDRESS(ROW()+1,COLUMN(), 4)),Dex!$A$2:$C237,3,false),"")} | C37: {=iferror(VLOOKUP(INDIRECT(ADDRESS(ROW()+1,COLUMN(), 4)),Dex!$A$2:$C237,3,false),"")} | E37: {=iferror(VLOOKUP(INDIRECT(ADDRESS(ROW()+1,COLUMN(), 4)),Dex!$A$2:$C237,3,false),"")} | F37: {=iferror(VLOOKUP(INDIRECT(ADDRESS(ROW()+1,COLUMN(), 4)),Dex!$A$2:$C237,3,false),"")} | H37: {=iferror(VLOOKUP("TRAINER_PIC_BATTLE_GIRL",Sprites!$A$1:$B237,2,false),"")}
B38: Orbeetle | C38: Hypno | E38: Toxicroak | F38: Hariyama
A39: Level | B39: 27 | C39: 27 | E39: 27 | F39: 27
A40: Held Item | B40: Lum Berry | C40: Sitrus Berry | E40: Payapa Berry | F40: Lum Berry
A41: Ability | B41: Compound Eyes | C41: Bad Dreams | E41: Poison Touch | F41: Thick Fat
A42: Nature | B42: Timid | C42: Bold | E42: Jolly | F42: Adamant
A43: Moves | B43: Psychic | C43: Psychic | E43: Poison Jab | F43: Wake-Up Slap
B44: Bug Buzz | C44: Dazzling Gleam | E44: Wake-Up Slap | F44: Rock Slide
B45: Hypnosis | C45: Calm Mind | E45: Knock Off | F45: Knock Off
B46: Recover | C46: Dark Void | E46: Fake Out | F46: Fake Out
A47: Name | B47: Battle Girl Luna
A48: Pokémon | B48: {=iferror(VLOOKUP(INDIRECT(ADDRESS(ROW()+1,COLUMN(), 4)),Dex!$A$2:$C237,3,false),"")} | C48: {=iferror(VLOOKUP(INDIRECT(ADDRESS(ROW()+1,COLUMN(), 4)),Dex!$A$2:$C237,3,false),"")} | D48: {=iferror(VLOOKUP(INDIRECT(ADDRESS(ROW()+1,COLUMN(), 4)),Dex!$A$2:$C237,3,false),"")} | E48: {=iferror(VLOOKUP(INDIRECT(ADDRESS(ROW()+1,COLUMN(), 4)),Dex!$A$2:$C237,3,false),"")} | F48: {=iferror(VLOOKUP(INDIRECT(ADDRESS(ROW()+1,COLUMN(), 4)),Dex!$A$2:$C237,3,false),"")} | H48: {=iferror(VLOOKUP("TRAINER_PIC_BATTLE_GIRL",Sprites!$A$1:$B237,2,false),"")}
B49: Electivire | C49: Turtonator | D49: Tsareena | E49: Grapploct | F49: Quagsire
A50: Level | B50: 27 | C50: 27 | D50: 28 | E50: 27 | F50: 28
A51: Held Item | B51: Sitrus Berry | C51: Sitrus Berry | D51: Lum Berry | E51: Lum Berry | F51: Rindo Berry
A52: Ability | B52: Motor Drive | C52: Shell Armor | D52: Queenly Majesty | E52: Technician | F52: Water Absorb
A53: Nature | B53: Naive | C53: Relaxed | D53: Jolly | E53: Brave | F53: Careful
A54: Moves | B54: Discharge | C54: Heat Crash | D54: Trop Kick | E54: Revenge | F54: Earthquake
B55: Cross Chop | C55: Heavy Slam | D55: Knock Off | E55: Payback | F55: Ice Punch
B56: Ice Punch | C56: Protect | D56: Low Kick | E56: Liquidation | F56: Curse
B57: Fire Punch | C57: Will-O-Wisp | D57: Synthesis | E57: Pain Split | F57: Recover
A58: Name | B58: Triathlete Dylan
A59: Pokémon | B59: {=iferror(VLOOKUP(INDIRECT(ADDRESS(ROW()+1,COLUMN(), 4)),Dex!$A$2:$C237,3,false),"")} | C59: {=iferror(VLOOKUP(INDIRECT(ADDRESS(ROW()+1,COLUMN(), 4)),Dex!$A$2:$C237,3,false),"")} | D59: {=iferror(VLOOKUP(INDIRECT(ADDRESS(ROW()+1,COLUMN(), 4)),Dex!$A$2:$C237,3,false),"")} | H59: {=iferror(VLOOKUP("TRAINER_PIC_RUNNING_TRIATHLETE_M",Sprites!$A$1:$B237,2,false),"")}
B60: Accelgor | C60: Persian-Alola | D60: Dodrio
A61: Level | B61: 29 | C61: 29 | D61: 30
A62: Held Item | B62: Wise Glasses | C62: Black Glasses | D62: Lum Berry
A63: Ability | B63: Sticky Hold | C63: Technician | D63: Early Bird
A64: Nature | B64: Timid | C64: Timid | D64: Jolly
A65: Moves | B65: Bug Buzz | C65: Snarl | D65: Drill Peck
B66: Sludge Bomb | C66: Shock Wave | D66: Double Hit
B67: Giga Drain | C67: Icy Wind | D67: Quick Attack
B68: Water Shuriken | C68: Nasty Plot | D68: Drill Run
A69: Name | B69: Triathlete Maria
A70: Pokémon | B70: {=iferror(VLOOKUP(INDIRECT(ADDRESS(ROW()+1,COLUMN(), 4)),Dex!$A$2:$C237,3,false),"")} | C70: {=iferror(VLOOKUP(INDIRECT(ADDRESS(ROW()+1,COLUMN(), 4)),Dex!$A$2:$C237,3,false),"")} | D70: {=iferror(VLOOKUP(INDIRECT(ADDRESS(ROW()+1,COLUMN(), 4)),Dex!$A$2:$C237,3,false),"")} | H70: {=iferror(VLOOKUP("TRAINER_PIC_RUNNING_TRIATHLETE_F",Sprites!$A$1:$B237,2,false),"")}
B71: Rapidash | C71: Cinccino | D71: Swellow
A72: Level | B72: 29 | C72: 30 | D72: 29
A73: Held Item | B73: Lum Berry | C73: Lum Berry | D73: Silk Scarf
A74: Ability | B74: Flame Body | C74: Skill Link | D74: Guts
A75: Nature | B75: Jolly | C75: Jolly | D75: Naive
A76: Moves | B76: Flare Blitz | C76: Tail Slap | D76: Brave Bird
B77: Megahorn | C77: Rock Blast | D77: Hyper Voice
B78: High Horsepower | C78: Triple Axel | D78: Heat Wave
B79: Hypnosis | C79: Sing | D79: Steel Wing
A80: Name | B80: Breeder Isaac
A81: Pokémon | B81: {=iferror(VLOOKUP(INDIRECT(ADDRESS(ROW()+1,COLUMN(), 4)),Dex!$A$2:$C237,3,false),"")} | C81: {=iferror(VLOOKUP(INDIRECT(ADDRESS(ROW()+1,COLUMN(), 4)),Dex!$A$2:$C237,3,false),"")} | D81: {=iferror(VLOOKUP(INDIRECT(ADDRESS(ROW()+1,COLUMN(), 4)),Dex!$A$2:$C237,3,false),"")} | E81: {=iferror(VLOOKUP(INDIRECT(ADDRESS(ROW()+1,COLUMN(), 4)),Dex!$A$2:$C237,3,false),"")} | H81: {=iferror(VLOOKUP("TRAINER_PIC_POKEMON_BREEDER_M",Sprites!$A$1:$B237,2,false),"")}
B82: Claydol | C82: Klinklang | D82: Electrode | E82: Froslass
A83: Level | B83: 30 | C83: 29 | D83: 30 | E83: 29
A84: Held Item | B84: Lum Berry | C84: Metal Coat | D84: Lum Berry | E84: Lum Berry
A85: Ability | B85: Levitate | C85: Clear Body | D85: Static | E85: Cursed Body
A86: Nature | B86: Modest | C86: Adamant | D86: Timid | E86: Timid
A87: Moves | B87: Earth Power | C87: Gear Grind | D87: Electro Ball | E87: Ice Beam
B88: Extrasensory | C88: Return | D88: Foul Play | E88: Hex
B89: Signal Beam | C89: Wild Charge | D89: Flash Cannon | E89: Thunder Wave
B90: Ancient Power | C90: Autotomize | D90: Hidden Power Ice | E90: Will-O-Wisp
A91: Name | B91: Sr. And Jr. Anna And Meg [Double]
A92: Pokémon | B92: {=iferror(VLOOKUP(INDIRECT(ADDRESS(ROW()+1,COLUMN(), 4)),Dex!$A$2:$C237,3,false),"")} | C92: {=iferror(VLOOKUP(INDIRECT(ADDRESS(ROW()+1,COLUMN(), 4)),Dex!$A$2:$C237,3,false),"")} | D92: {=iferror(VLOOKUP(INDIRECT(ADDRESS(ROW()+1,COLUMN(), 4)),Dex!$A$2:$C237,3,false),"")} | E92: {=iferror(VLOOKUP(INDIRECT(ADDRESS(ROW()+1,COLUMN(), 4)),Dex!$A$2:$C237,3,false),"")} | H92: {=iferror(VLOOKUP("TRAINER_PIC_SR_AND_JR",Sprites!$A$1:$B237,2,false),"")}
B93: Emolga | C93: Seaking | D93: Lanturn | E93: Marowak
A94: Level | B94: 30 | C94: 31 | D94: 30 | E94: 31
A95: Held Item | B95: Metronome | C95: Focus Sash | D95: Lum Berry | E95: Sitrus Berry
A96: Ability | B96: Motor Drive | C96: Lightning Rod | D96: Volt Absorb | E96: Lightning Rod
A97: Nature | B97: Timid | C97: Mild | D97: Timid | E97: Sassy
A98: Moves | B98: Discharge | C98: Hydro Pump | D98: Discharge | E98: Bone Rush
C99: Muddy Water | D99: Brine | E99: Flamethrower
C100: Ice Beam | D100: Signal Beam | E100: Ice Beam
...

Sheet Norman Split
B1: Route 110
A2: Name | B2: Psychic Jaclyn
A3: Pokémon | B3: {=iferror(VLOOKUP(INDIRECT(ADDRESS(ROW()+1,COLUMN(), 4)),Dex!$A$2:$C289,3,false),"")} | C3: {=iferror(VLOOKUP(INDIRECT(ADDRESS(ROW()+1,COLUMN(), 4)),Dex!$A$2:$C289,3,false),"")} | D3: {=iferror(VLOOKUP(INDIRECT(ADDRESS(ROW()+1,COLUMN(), 4)),Dex!$A$2:$C289,3,false),"")} | E3: {=iferror(VLOOKUP(INDIRECT(ADDRESS(ROW()+1,COLUMN(), 4)),Dex!$A$2:$C289,3,false),"")} | H3: {=iferror(VLOOKUP("TRAINER_PIC_PSYCHIC_F",Sprites!$A$1:$B289,2,false),"")}
B4: Venomoth | C4: Xatu | D4: Grumpig | E4: Gallade
A5: Level | B5: 34 | C5: 33 | D5: 33 | E5: 33
A6: Held Item | B6: Lum Berry | C6: Sitrus Berry | D6: Salac Berry | E6: Lum Berry
A7: Ability | B7: Tinted Lens | C7: Magic Bounce | D7: Gluttony | E7: Inner Focus
A8: Nature | B8: Timid | C8: Hasty | D8: Modest | E8: Careful
A9: Moves | B9: Bug Buzz | C9: Extrasensory | D9: Extrasensory | E9: Drain Punch
B10: Sludge Bomb | C10: Drill Peck | D10: Focus Blast | E10: Psycho Cut
B11: Energy Ball | C11: Heat Wave | D11: Power Gem | E11: Shadow Sneak
B12: Psychic | C12: Light Screen | D12: Reflect | E12: Bulk Up
A13: Name | B13: Triathlete Abigail
A14: Pokémon | B14: {=iferror(VLOOKUP(INDIRECT(ADDRESS(ROW()+1,COLUMN(), 4)),Dex!$A$2:$C289,3,false),"")} | C14: {=iferror(VLOOKUP(INDIRECT(ADDRESS(ROW()+1,COLUMN(), 4)),Dex!$A$2:$C289,3,false),"")} | D14: {=iferror(VLOOKUP(INDIRECT(ADDRESS(ROW()+1,COLUMN(), 4)),Dex!$A$2:$C289,3,false),"")} | E14: {=iferror(VLOOKUP(INDIRECT(ADDRESS(ROW()+1,COLUMN(), 4)),Dex!$A$2:$C289,3,false),"")} | H14: {=iferror(VLOOKUP("TRAINER_PIC_CYCLING_TRIATHLETE_F",Sprites!$A$1:$B289,2,false),"")}
B15: Mienshao | C15: Ninjask | D15: Dugtrio | E15: Magneton
A16: Level | B16: 32 | C16: 33 | D16: 34 | E16: 34
A17: Held Item | B17: Wide Lens | C17: Choice Band | D17: Life Orb | E17: Eviolite
A18: Ability | B18: Reckless | C18: Infiltrator | D18: Arena Trap | E18: Magnet Pull
A19: Nature | B19: Jolly | C19: Adamant | D19: Jolly | E19: Timid
A20: Moves | B20: Jump Kick | C20: U-turn | D20: Earthquake | E20: Thunderbolt
B21: Stone Edge | D21: Stone Edge | E21: Flash Cannon
B22: Blaze Kick | D22: Night Slash | E22: Body Press
B23: Bounce | D23: Swagger | E23: Screech
A24: Name | B24: Triathlete Anthony
A25: Pokémon | B25: {=iferror(VLOOKUP(INDIRECT(ADDRESS(ROW()+1,COLUMN(), 4)),Dex!$A$2:$C289,3,false),"")} | C25: {=iferror(VLOOKUP(INDIRECT(ADDRESS(ROW()+1,COLUMN(), 4)),Dex!$A$2:$C289,3,false),"")} | D25: {=iferror(VLOOKUP(INDIRECT(ADDRESS(ROW()+1,COLUMN(), 4)),Dex!$A$2:$C289,3,false),"")} | H25: {=iferror(VLOOKUP("TRAINER_PIC_CYCLING_TRIATHLETE_M",Sprites!$A$1:$B289,2,false),"")}
B26: Luxray | C26: Sharpedo | D26: Braviary
A27: Level | B27: 34 | C27: 34 | D27: 34
A28: Held Item | B28: Lum Berry | C28: Expert Belt | D28: Sitrus Berry
A29: Ability | B29: Intimidate | C29: Speed Boost | D29: Defiant
A30: Nature | B30: Adamant | C30: Rash | D30: Adamant
A31: Moves | B31: Zing Zap | C31: Hydro Pump | D31: Return
B32: Play Rough | C32: Dark Pulse | D32: Dual Wingbeat
B33: Crunch | C33: Ice Beam | D33: Close Combat
B34: Agility | C34: Psychic Fangs | D34: Agility
A35: Name | B35: Triathlete Alyssa
A36: Pokémon | B36: {=iferror(VLOOKUP(INDIRECT(ADDRESS(ROW()+1,COLUMN(), 4)),Dex!$A$2:$C289,3,false),"")} | C36: {=iferror(VLOOKUP(INDIRECT(ADDRESS(ROW()+1,COLUMN(), 4)),Dex!$A$2:$C289,3,false),"")} | H36: {=iferror(VLOOKUP("TRAINER_PIC_CYCLING_TRIATHLETE_F",Sprites!$A$1:$B289,2,false),"")}
B37: Absol | C37: Meowstic-F
A38: Level | B38: 36 | C38: 37
A39: Held Item | B39: Focus Sash | C39: Wise Glasses
A40: Ability | B40: Super Luck | C40: Competitive
A41: Nature | B41: Jolly | C41: Timid
A42: Moves | B42: Knock Off | C42: Psychic
B43: Close Combat | C43: Thunderbolt
B44: Play Rough | C44: Shadow Ball
B45: Counter | C45: Signal Beam
A46: Name | B46: Triathlete Benjamin
A47: Pokémon | B47: {=iferror(VLOOKUP(INDIRECT(ADDRESS(ROW()+1,COLUMN(), 4)),Dex!$A$2:$C289,3,false),"")} | C47: {=iferror(VLOOKUP(INDIRECT(ADDRESS(ROW()+1,COLUMN(), 4)),Dex!$A$2:$C289,3,false),"")} | D47: {=iferror(VLOOKUP(INDIRECT(ADDRESS(ROW()+1,COLUMN(), 4)),Dex!$A$2:$C289,3,false),"")} | E47: {=iferror(VLOOKUP(INDIRECT(ADDRESS(ROW()+1,COLUMN(), 4)),Dex!$A$2:$C289,3,false),"")} | H47: {=iferror(VLOOKUP("TRAINER_PIC_CYCLING_TRIATHLETE_M",Sprites!$A$1:$B289,2,false),"")}
B48: Pachirisu | C48: Unfezant | D48: Raticate | E48: Jumpluff
A49: Level | B49: 35 | C49: 35 | D49: 35 | E49: 36
A50: Held Item | B50: Light Clay | C50: Lum Berry | D50: Flame Orb | E50: Flying Gem
A51: Ability | B51: Volt Absorb | C51: Super Luck | D51: Guts | E51: Infiltrator
A52: Nature | B52: Timid | C52: Jolly | D52: Jolly | E52: Jolly
A53: Moves | B53: Nuzzle | C53: Dual Wingbeat | D53: Facade | E53: Seed Bomb
B54: Super Fang | C54: Quick Attack | D54: Quick Attack | E54: Acrobatics
B55: Light Screen | C55: Night Slash | D55: Stomping Tantrum | E55: Spore
B56: Reflect | C56: Focus Energy | D56: Swords Dance | E56: Swords Dance
A57: Name | B57: Triathlete Jacob
A58: Pokémon | B58: {=iferror(VLOOKUP(INDIRECT(ADDRESS(ROW()+1,COLUMN(), 4)),Dex!$A$2:$C289,3,false),"")} | C58: {=iferror(VLOOKUP(INDIRECT(ADDRESS(ROW()+1,COLUMN(), 4)),Dex!$A$2:$C289,3,false),"")} | D58: {=iferror(VLOOKUP(INDIRECT(ADDRESS(ROW()+1,COLUMN(), 4)),Dex!$A$2:$C289,3,false),"")} | H58: {=iferror(VLOOKUP("TRAINER_PIC_CYCLING_TRIATHLETE_M",Sprites!$A$1:$B289,2,false),"")}
B59: Floatzel | C59: Sawsbuck | D59: Salazzle
A60: Level | B60: 35 | C60: 35 | D60: 35
A61: Held Item | B61: Life Orb | C61: Power Herb | D61: Black Sludge
A62: Ability | B62: Water Veil | C62: Serene Grace | D62: Corrosion
A63: Nature | B63: Hasty | C63: Jolly | D63: Timid
A64: Moves | B64: Hydro Pump | C64: Headbutt | D64: Flamethrower
B65: Aqua Jet | C65: Jump Kick | D65: Venoshock
B66: Focus Blast | C66: Bounce | D66: Protect
B67: Ice Beam | C67: Swords Dance | D67: Toxic
A68: Name | B68: Triathlete Jasmine
A69: Pokémon | B69: {=iferror(VLOOKUP(INDIRECT(ADDRESS(ROW()+1,COLUMN(), 4)),Dex!$A$2:$C289,3,false),"")} | C69: {=iferror(VLOOKUP(INDIRECT(ADDRESS(ROW()+1,COLUMN(), 4)),Dex!$A$2:$C289,3,false),"")} | D69: {=iferror(VLOOKUP(INDIRECT(ADDRESS(ROW()+1,COLUMN(), 4)),Dex!$A$2:$C289,3,false),"")} | H69: {=iferror(VLOOKUP("TRAINER_PIC_CYCLING_TRIATHLETE_F",Sprites!$A$1:$B289,2,false),"")}
B70: Rapidash-Galar | C70: Zoroark | D70: Sirfetch’d
A71: Level | B71: 36 | C71: 35 | D71: 35
A72: Held Item | B72: Lum Berry | C72: Black Glasses | D72: Choice Scarf
A73: Ability | B73: Pastel Veil | C73: Illusion | D73: Scrappy
A74: Nature | B74: Jolly | C74: Hasty | D74: Adamant
A75: Moves | B75: Play Rough | C75: Night Daze | D75: Close Combat
B76: Zen Headbutt | C76: Knock Off
B77: Hypnosis | C77: Flamethrower
B78: Will-O-Wisp | C78: Sludge Bomb
A79: Name | B79: Trainer Rival Cycling Road Sceptile [Boss]
A80: Pokémon | B80: {=iferror(VLOOKUP(INDIRECT(ADDRESS(ROW()+1,COLUMN(), 4)),Dex!$A$2:$C289,3,false),"")} | C80: {=iferror(VLOOKUP(INDIRECT(ADDRESS(ROW()+1,COLUMN(), 4)),Dex!$A$2:$C289,3,false),"")} | D80: {=iferror(VLOOKUP(INDIRECT(ADDRESS(ROW()+1,COLUMN(), 4)),Dex!$A$2:$C289,3,false),"")} | E80: {=iferror(VLOOKUP(INDIRECT(ADDRESS(ROW()+1,COLUMN(), 4)),Dex!$A$2:$C289,3,false),"")} | F80: {=iferror(VLOOKUP(INDIRECT(ADDRESS(ROW()+1,COLUMN(), 4)),Dex!$A$2:$C289,3,false),"")} | G80: {=iferror(VLOOKUP(INDIRECT(ADDRESS(ROW()+1,COLUMN(), 4)),Dex!$A$2:$C289,3,false),"")} | H80: {=iferror(VLOOKUP("TRAINER_PIC_MAY",Sprites!$A$1:$B289,2,false),"")}
B81: Indeedee | C81: Sceptile | D81: Houndoom | E81: Kingdra | F81: Hawlucha | G81: Granbull
A82: Level | B82: 37 | C82: 38 | D82: 36 | E82: 36 | F82: 36 | G82: 36
A83: Held Item | B83: Light Clay | C83: White Herb | D83: Power Herb | E83: Lum Berry | F83: Psychic Seed | G83: Assault Vest
A84: Ability | B84: Psychic Surge | C84: Unburden | D84: Unnerve | E84: Sniper | F84: Unburden | G84: Intimidate
A85: Nature | B85: Timid | C85: Mild | D85: Hasty | E85: Careful | F85: Adamant | G85: Careful
A86: Moves | B86: Hyper Voice | C86: Leaf Storm | D86: Flamethrower | E86: Liquidation | F86: Drain Punch | G86: Play Rough
B87: Expanding Force | C87: Leaf Blade | D87: Dark Pulse | E87: Breaking Swipe | F87: Acrobatics | G87: Earthquake
B88: Light Screen | C88: Acrobatics | D88: Pursuit | E88: Iron Head | F88: Bulk Up | G88: Payback
B89: Reflect | C89: Nature Power | D89: Solar Beam | E89: Dragon Dance | F89: Roost | G89: Counter
A90: Name | B90: Trainer Rival Cycling Road Blaziken [Boss]
A91: Pokémon | B91: {=iferror(VLOOKUP(INDIRECT(ADDRESS(ROW()+1,COLUMN(), 4)),Dex!$A$2:$C289,3,false),"")} | C91: {=iferror(VLOOKUP(INDIRECT(ADDRESS(ROW()+1,COLUMN(), 4)),Dex!$A$2:$C289,3,false),"")} | D91: {=iferror(VLOOKUP(INDIRECT(ADDRESS(ROW()+1,COLUMN(), 4)),Dex!$A$2:$C289,3,false),"")} | E91: {=iferror(VLOOKUP(INDIRECT(ADDRESS(ROW()+1,COLUMN(), 4)),Dex!$A$2:$C289,3,false),"")} | F91: {=iferror(VLOOKUP(INDIRECT(ADDRESS(ROW()+1,COLUMN(), 4)),Dex!$A$2:$C289,3,false),"")} | G91: {=iferror(VLOOKUP(INDIRECT(ADDRESS(ROW()+1,COLUMN(), 4)),Dex!$A$2:$C289,3,false),"")} | H91: {=iferror(VLOOKUP("TRAINER_PIC_MAY",Sprites!$A$1:$B289,2,false),"")}
B92: Indeedee | C92: Blaziken | D92: Kingdra | E92: Tsareena | F92: Weavile | G92: Alcremie
A93: Level | B93: 37 | C93: 38 | D93: 36 | E93: 36 | F93: 36 | G93: 36
A94: Held Item | B94: Light Clay | C94: White Herb | D94: Leftovers | E94: Assault Vest | F94: Focus Sash | G94: Psychic Seed
A95: Ability | B95: Psychic Surge | C95: Speed Boost | D95: Sniper | E95: Sweet Veil | F95: Inner Focus | G95: Sweet Veil
A96: Nature | B96: Timid | C96: Lonely | D96: Adamant | E96: Jolly | F96: Jolly | G96: Bold
A97: Moves | B97: Hyper Voice | C97: Overheat | D97: Liquidation | E97: Trop Kick | F97: Night Slash | G97: Dazzling Gleam
B98: Expanding Force | C98: Close Combat | D98: Scale Shot | E98: Knock Off | F98: Pursuit | G98: Stored Power
B99: Light Screen | C99: Blaze Kick | D99: Iron Head | E99: Triple Axel | F99: Icicle Spear | G99: Acid Armor
B100: Reflect | C100: Stone Edge | D100: Dragon Dance | E100: Low Kick | F100: Low Kick | G100: Recover
...

Sheet Flannery Split
B1: Winstrate House
A2: Name | B2: Winstrate Victor
A3: Pokémon | B3: {=iferror(VLOOKUP(INDIRECT(ADDRESS(ROW()+1,COLUMN(), 4)),Dex!$A$2:$C725,3,false),"")} | C3: {=iferror(VLOOKUP(INDIRECT(ADDRESS(ROW()+1,COLUMN(), 4)),Dex!$A$2:$C725,3,false),"")} | H3: {=iferror(VLOOKUP("TRAINER_PIC_POKEFAN_M",Sprites!$A$1:$B725,2,false),"")}
B4: Toucannon | C4: Emolga
A5: Level | B5: 43 | C5: 43
A6: Held Item | B6: Lum Berry | C6: Lum Berry
A7: Ability | B7: Skill Link | C7: Motor Drive
A8: Nature | B8: Hasty | C8: Hasty
A9: Moves | B9: Boomburst | C9: Thunderbolt
B10: Drill Peck | C10: Dual Wingbeat
B11: Bullet Seed | C11: Iron Tail
B12: Supersonic | C12: Roost
A13: Name | B13: Winstrate Victoria
A14: Pokémon | B14: {=iferror(VLOOKUP(INDIRECT(ADDRESS(ROW()+1,COLUMN(), 4)),Dex!$A$2:$C725,3,false),"")} | C14: {=iferror(VLOOKUP(INDIRECT(ADDRESS(ROW()+1,COLUMN(), 4)),Dex!$A$2:$C725,3,false),"")} | D14: {=iferror(VLOOKUP(INDIRECT(ADDRESS(ROW()+1,COLUMN(), 4)),Dex!$A$2:$C725,3,false),"")} | H14: {=iferror(VLOOKUP("TRAINER_PIC_POKEFAN_F",Sprites!$A$1:$B725,2,false),"")}
B15: Abomasnow | C15: Centiskorch | D15: Seismitoad
A16: Level | B16: 43 | C16: 44 | D16: 43
A17: Held Item | B17: Lum Berry | C17: Leftovers | D17: Lum Berry
A18: Ability | B18: Soundproof | C18: White Smoke | D18: Water Absorb
A19: Nature | B19: Hasty | C19: Careful | D19: Timid
A20: Moves | B20: Wood Hammer | C20: Fire Lash | D20: Earth Power
B21: Ice Beam | C21: Skitter Smack | D21: Muddy Water
B22: Ice Shard | C22: Coil | D22: Venoshock
B23: Earthquake | C23: Protect | D23: Toxic
A24: Name | B24: Winstrate Vivi
A25: Pokémon | B25: {=iferror(VLOOKUP(INDIRECT(ADDRESS(ROW()+1,COLUMN(), 4)),Dex!$A$2:$C725,3,false),"")} | C25: {=iferror(VLOOKUP(INDIRECT(ADDRESS(ROW()+1,COLUMN(), 4)),Dex!$A$2:$C725,3,false),"")} | D25: {=iferror(VLOOKUP(INDIRECT(ADDRESS(ROW()+1,COLUMN(), 4)),Dex!$A$2:$C725,3,false),"")} | H25: {=iferror(VLOOKUP("TRAINER_PIC_LASS",Sprites!$A$1:$B725,2,false),"")}
B26: Ribombee | C26: Flygon | D26: Sudowoodo
A27: Level | B27: 44 | C27: 43 | D27: 43
A28: Held Item | B28: Focus Sash | C28: Lum Berry | D28: Lum Berry
A29: Ability | B29: Shield Dust | C29: Levitate | D29: Rock Head
A30: Nature | B30: Timid | C30: Hasty | D30: Adamant
A31: Moves | B31: Dazzling Gleam | C31: Dragon Claw | D31: Head Smash
B32: Signal Beam | C32: Scorching Sands | D32: Double-Edge
B33: Energy Ball | C33: Flamethrower | D33: Wood Hammer
B34: Stun Spore | C34: Roost | D34: Submission
A35: Name | B35: Winstrate Vicky
A36: Pokémon | B36: {=iferror(VLOOKUP(INDIRECT(ADDRESS(ROW()+1,COLUMN(), 4)),Dex!$A$2:$C725,3,false),"")} | C36: {=iferror(VLOOKUP(INDIRECT(ADDRESS(ROW()+1,COLUMN(), 4)),Dex!$A$2:$C725,3,false),"")} | H36: {=iferror(VLOOKUP("TRAINER_PIC_EXPERT_F",Sprites!$A$1:$B725,2,false),"")}
B37: Medicham-Mega | C37: Krookodile
A38: Level | B38: 44 | C38: 44
A39: Held Item | B39: Medichamite | C39: Lum Berry
A40: Ability | B40: Pure Power | C40: Moxie
A41: Nature | B41: Jolly | C41: Jolly
A42: Moves | B42: High Jump Kick | C42: Earthquake
B43: Zen Headbutt | C43: Crunch
B44: Thunder Punch | C44: Pursuit
B45: Fake Out | C45: Aqua Tail
B46: Route 111
A47: Name | B47: Picnicker Irene
A48: Pokémon | B48: {=iferror(VLOOKUP(INDIRECT(ADDRESS(ROW()+1,COLUMN(), 4)),Dex!$A$2:$C725,3,false),"")} | C48: {=iferror(VLOOKUP(INDIRECT(ADDRESS(ROW()+1,COLUMN(), 4)),Dex!$A$2:$C725,3,false),"")} | D48: {=iferror(VLOOKUP(INDIRECT(ADDRESS(ROW()+1,COLUMN(), 4)),Dex!$A$2:$C725,3,false),"")} | H48: {=iferror(VLOOKUP("TRAINER_PIC_PICNICKER",Sprites!$A$1:$B725,2,false),"")}
B49: Leavanny | C49: Clefable | D49: Stoutland
A50: Level | B50: 45 | C50: 44 | D50: 45
A51: Held Item | B51: Focus Sash | C51: Leftovers | D51: Silk Scarf
A52: Ability | B52: Overcoat | C52: Magic Guard | D52: Sand Rush
A53: Nature | B53: Jolly | C53: Bold | D53: Adamant
A54: Moves | B54: Leaf Blade | C54: Moonblast | D54: Retaliate
B55: X-Scissor | C55: Focus Blast | D55: Body Slam
B56: Flail | C56: Counter | D56: Play Rough
B57: Grass Whistle | C57: Soft-Boiled | D57: Stomping Tantrum
A58: Name | B58: Camper Travis
A59: Pokémon | B59: {=iferror(VLOOKUP(INDIRECT(ADDRESS(ROW()+1,COLUMN(), 4)),Dex!$A$2:$C725,3,false),"")} | C59: {=iferror(VLOOKUP(INDIRECT(ADDRESS(ROW()+1,COLUMN(), 4)),Dex!$A$2:$C725,3,false),"")} | D59: {=iferror(VLOOKUP(INDIRECT(ADDRESS(ROW()+1,COLUMN(), 4)),Dex!$A$2:$C725,3,false),"")} | H59: {=iferror(VLOOKUP("TRAINER_PIC_CAMPER",Sprites!$A$1:$B725,2,false),"")}
B60: Crustle | C60: Sigilyph | D60: Piloswine
A61: Level | B61: 44 | C61: 44 | D61: 45
A62: Held Item | B62: Lum Berry | C62: Leftovers | D62: Eviolite
A63: Ability | B63: Weak Armor | C63: Magic Guard | D63: Thick Fat
A64: Nature | B64: Careful | C64: Timid | D64: Careful
A65: Moves | B65: Stone Edge | C65: Psychic | D65: Earthquake
B66: X-Scissor | C66: Air Slash | D66: Icicle Spear
B67: Earthquake | C67: Heat Wave | D67: Curse
B68: Shell Smash | C68: Energy Ball | D68: Rest
A69: Name | B69: Ruin Maniac Bryan & Picnicker Celia [Double]
A70: Pokémon | B70: {=iferror(VLOOKUP(INDIRECT(ADDRESS(ROW()+1,COLUMN(), 4)),Dex!$A$2:$C725,3,false),"")} | C70: {=iferror(VLOOKUP(INDIRECT(ADDRESS(ROW()+1,COLUMN(), 4)),Dex!$A$2:$C725,3,false),"")} | E70: {=iferror(VLOOKUP(INDIRECT(ADDRESS(ROW()+1,COLUMN(), 4)),Dex!$A$2:$C725,3,false),"")} | F70: {=iferror(VLOOKUP(INDIRECT(ADDRESS(ROW()+1,COLUMN(), 4)),Dex!$A$2:$C725,3,false),"")} | H70: {=iferror(VLOOKUP("TRAINER_PIC_PICNICKER",Sprites!$A$1:$B725,2,false),"")}
B71: Gigalith | C71: Nidoking | E71: Maractus | F71: Gastrodon
A72: Level | B72: 45 | C72: 45 | E72: 45 | F72: 45
A73: Held Item | B73: Sitrus Berry | C73: Lum Berry | E73: Sitrus Berry | F73: Rindo Berry
A74: Ability | B74: Clear Body | C74: Sheer Force | E74: Storm Drain | F74: Storm Drain
A75: Nature | B75: Adamant | C75: Hasty | E75: Timid | F75: Bold
A76: Moves | B76: Stone Edge | C76: Drill Run | E76: Energy Ball | F76: Earth Power
B77: Rock Slide | C77: Poison Jab | E77: Hidden Power Fire | F77: Muddy Water
B78: Body Press | C78: Thunderbolt | E78: Weather Ball | F78: Ice Beam
B79: Sand Tomb | C79: Flamethrower | E79: Spiky Shield | F79: Recover
A80: Name | B80: Camper Branden
A81: Pokémon | B81: {=iferror(VLOOKUP(INDIRECT(ADDRESS(ROW()+1,COLUMN(), 4)),Dex!$A$2:$C725,3,false),"")} | C81: {=iferror(VLOOKUP(INDIRECT(ADDRESS(ROW()+1,COLUMN(), 4)),Dex!$A$2:$C725,3,false),"")} | D81: {=iferror(VLOOKUP(INDIRECT(ADDRESS(ROW()+1,COLUMN(), 4)),Dex!$A$2:$C725,3,false),"")} | E81: {=iferror(VLOOKUP(INDIRECT(ADDRESS(ROW()+1,COLUMN(), 4)),Dex!$A$2:$C725,3,false),"")} | H81: {=iferror(VLOOKUP("TRAINER_PIC_CAMPER",Sprites!$A$1:$B725,2,false),"")}
B82: Skarmory | C82: Torterra | D82: Bewear | E82: Rhyperior
A83: Level | B83: 45 | C83: 44 | D83: 44 | E83: 44
A84: Held Item | B84: Red Card | C84: Leftovers | D84: Leftovers | E84: Leftovers
A85: Ability | B85: Sturdy | C85: Rock Head | D85: Fluffy | E85: Solid Rock
A86: Nature | B86: Jolly | C86: Jolly | D86: Jolly | E86: Careful
A87: Moves | B87: Dual Wingbeat | C87: Wood Hammer | D87: Body Slam | E87: Drill Run
B88: Body Press | C88: Earthquake | D88: Drain Punch | E88: Avalanche
B89: Spikes | C89: Leech Seed | D89: Zen Headbutt | E89: Dragon Tail
B90: Stealth Rock | C90: Protect | D90: Payback | E90: Protect
A91: Name | B91: Collector John
A92: Pokémon | B92: {=iferror(VLOOKUP(INDIRECT(ADDRESS(ROW()+1,COLUMN(), 4)),Dex!$A$2:$C725,3,false),"")} | C92: {=iferror(VLOOKUP(INDIRECT(ADDRESS(ROW()+1,COLUMN(), 4)),Dex!$A$2:$C725,3,false),"")} | D92: {=iferror(VLOOKUP(INDIRECT(ADDRESS(ROW()+1,COLUMN(), 4)),Dex!$A$2:$C725,3,false),"")} | E92: {=iferror(VLOOKUP(INDIRECT(ADDRESS(ROW()+1,COLUMN(), 4)),Dex!$A$2:$C725,3,false),"")} | F92: {=iferror(VLOOKUP(INDIRECT(ADDRESS(ROW()+1,COLUMN(), 4)),Dex!$A$2:$C725,3,false),"")} | H92: {=iferror(VLOOKUP("TRAINER_PIC_COLLECTOR",Sprites!$A$1:$B725,2,false),"")}
B93: Copperajah | C93: Delphox | D93: Mandibuzz | E93: Lycanroc | F93: Sandslash
A94: Level | B94: 45 | C94: 45 | D94: 45 | E94: 45 | F94: 46
A95: Held Item | B95: Choice Band | C95: Sticky Barb | D95: Rocky Helmet | E95: Focus Sash | F95: Lum Berry
A96: Ability | B96: Heavy Metal | C96: Magic Guard | D96: Overcoat | E96: Sand Rush | F96: Sand Rush
A97: Nature | B97: Adamant | C97: Timid | D97: Impish | E97: Adamant | F97: Adamant
A98: Moves | B98: Heavy Slam | C98: Psyshock | D98: Knock Off | E98: Stone Edge | F98: Earthquake
C99: Mystical Fire | D99: Protect | E99: High Horsepower | F99: Stone Edge
C100: Foul Play | D100: Roost | E100: Psychic Fangs | F100: Knock Off
...

Sheet Winona Split
B1: Seashore House
A2: Name | B2: Tuber Simon
A3: Pokémon | B3: {=iferror(VLOOKUP(INDIRECT(ADDRESS(ROW()+1,COLUMN(), 4)),Dex!$A$2:$C794,3,false),"")} | C3: {=iferror(VLOOKUP(INDIRECT(ADDRESS(ROW()+1,COLUMN(), 4)),Dex!$A$2:$C794,3,false),"")} | D3: {=iferror(VLOOKUP(INDIRECT(ADDRESS(ROW()+1,COLUMN(), 4)),Dex!$A$2:$C794,3,false),"")} | E3: {=iferror(VLOOKUP(INDIRECT(ADDRESS(ROW()+1,COLUMN(), 4)),Dex!$A$2:$C794,3,false),"")} | F3: {=iferror(VLOOKUP(INDIRECT(ADDRESS(ROW()+1,COLUMN(), 4)),Dex!$A$2:$C794,3,false),"")} | G3: {=iferror(VLOOKUP(INDIRECT(ADDRESS(ROW()+1,COLUMN(), 4)),Dex!$A$2:$C794,3,false),"")} | H3: {=iferror(VLOOKUP("TRAINER_PIC_TUBER_M",Sprites!$A$1:$B794,2,false),"")}
B4: Floatzel | C4: Azumarill | D4: Dedenne | E4: Zangoose | F4: Persian | G4: Ludicolo
A5: Level | B5: 58 | C5: 57 | D5: 58 | E5: 57 | F5: 58 | G5: 58
A6: Held Item | B6: Flame Orb | C6: Assault Vest | D6: Petaya Berry | E6: Toxic Orb | F6: Leftovers | G6: Lum Berry
A7: Ability | B7: Water Veil | C7: Huge Power | D7: Cheek Pouch | E7: Toxic Boost | F7: Unnerve | G7: Own Tempo
A8: Nature | B8: Hasty | C8: Jolly | D8: Timid | E8: Jolly | F8: Timid | G8: Jolly
A9: Moves | B9: Aqua Tail | C9: Play Rough | D9: Thunderbolt | E9: Last Resort | F9: Hyper Voice | G9: Waterfall
B10: Ice Beam | C10: Aqua Tail | D10: Dazzling Gleam | E10: Retaliate | F10: Hypnosis | G10: Seed Bomb
B11: Knock Off | C11: Aqua Jet | D11: Grass Knot | F11: Nasty Plot | G11: Earthquake
B12: Switcheroo | C12: Ice Punch | D12: Endure | F12: Substitute | G12: Swords Dance
A13: Name | B13: Beauty Johanna
A14: Pokémon | B14: {=iferror(VLOOKUP(INDIRECT(ADDRESS(ROW()+1,COLUMN(), 4)),Dex!$A$2:$C794,3,false),"")} | C14: {=iferror(VLOOKUP(INDIRECT(ADDRESS(ROW()+1,COLUMN(), 4)),Dex!$A$2:$C794,3,false),"")} | D14: {=iferror(VLOOKUP(INDIRECT(ADDRESS(ROW()+1,COLUMN(), 4)),Dex!$A$2:$C794,3,false),"")} | E14: {=iferror(VLOOKUP(INDIRECT(ADDRESS(ROW()+1,COLUMN(), 4)),Dex!$A$2:$C794,3,false),"")} | F14: {=iferror(VLOOKUP(INDIRECT(ADDRESS(ROW()+1,COLUMN(), 4)),Dex!$A$2:$C794,3,false),"")} | G14: {=iferror(VLOOKUP(INDIRECT(ADDRESS(ROW()+1,COLUMN(), 4)),Dex!$A$2:$C794,3,false),"")} | H14: {=iferror(VLOOKUP("TRAINER_PIC_BEAUTY",Sprites!$A$1:$B794,2,false),"")}
B15: Nidoqueen | C15: Lapras | D15: Milotic | E15: Primarina | F15: Bruxish | G15: Tsareena
A16: Level | B16: 58 | C16: 58 | D16: 58 | E16: 58 | F16: 58 | G16: 58
A17: Held Item | B17: Black Sludge | C17: Leftovers | D17: Leftovers | E17: Leftovers | F17: Water Gem | G17: Wide Lens
A18: Ability | B18: Sheer Force | C18: Shell Armor | D18: Marvel Scale | E18: Torrent | F18: Strong Jaw | G18: Queenly Majesty
A19: Nature | B19: Bold | C19: Bold | D19: Sassy | E19: Bold | F19: Jolly | G19: Jolly
A20: Moves | B20: Sludge Wave | C20: Freeze-Dry | D20: Aqua Tail | E20: Scald | F20: Aqua Tail | G20: Power Whip
B21: Earth Power | C21: Thunderbolt | D21: Dragon Tail | E21: Draining Kiss | F21: Psychic Fangs | G21: High Jump Kick
B22: Lovely Kiss | C22: Protect | D22: Coil | E22: Calm Mind | F22: Crunch | G22: Knock Off
B23: Toxic Spikes | C23: Roar | D23: Rest | E23: Protect | F23: Screech | G23: Triple Axel
A24: Name | B24: Sailor Dwayne
A25: Pokémon | B25: {=iferror(VLOOKUP(INDIRECT(ADDRESS(ROW()+1,COLUMN(), 4)),Dex!$A$2:$C794,3,false),"")} | C25: {=iferror(VLOOKUP(INDIRECT(ADDRESS(ROW()+1,COLUMN(), 4)),Dex!$A$2:$C794,3,false),"")} | D25: {=iferror(VLOOKUP(INDIRECT(ADDRESS(ROW()+1,COLUMN(), 4)),Dex!$A$2:$C794,3,false),"")} | E25: {=iferror(VLOOKUP(INDIRECT(ADDRESS(ROW()+1,COLUMN(), 4)),Dex!$A$2:$C794,3,false),"")} | F25: {=iferror(VLOOKUP(INDIRECT(ADDRESS(ROW()+1,COLUMN(), 4)),Dex!$A$2:$C794,3,false),"")} | G25: {=iferror(VLOOKUP(INDIRECT(ADDRESS(ROW()+1,COLUMN(), 4)),Dex!$A$2:$C794,3,false),"")} | H25: {=iferror(VLOOKUP("TRAINER_PIC_SAILOR",Sprites!$A$1:$B794,2,false),"")}
B26: Clawitzer | C26: Gyarados | D26: Barbaracle | E26: Sharpedo | F26: Swalot | G26: Machamp
A27: Level | B27: 58 | C27: 58 | D27: 58 | E27: 58 | F27: 59 | G27: 59
A28: Held Item | B28: Lum Berry | C28: Wacan Berry | D28: White Herb | E28: Dark Gem | F28: Custap Berry | G28: Adrenaline Orb
A29: Ability | B29: Mega Launcher | C29: Intimidate | D29: Sniper | E29: Speed Boost | F29: Gluttony | G29: No Guard
A30: Nature | B30: Quiet | C30: Adamant | D30: Jolly | E30: Mild | F30: Careful | G30: Jolly
A31: Moves | B31: Water Pulse | C31: Waterfall | D31: Stone Edge | E31: Hydro Pump | F31: Gunk Shot | G31: Dynamic Punch
B32: Dragon Pulse | C32: Earthquake | D32: Razor Shell | E32: Dark Pulse | F32: Explosion | G32: Stone Edge
B33: Aura Sphere | C33: Lash Out | D33: Cross Chop | E33: Close Combat | F33: Earthquake | G33: Poison Jab
B34: Aqua Jet | C34: Thunder Wave | D34: Shell Smash | E34: Destiny Bond | F34: Curse | G34: Knock Off
B35: Route 105
A36: Name | B36: Swimmer♀ Imani [Optional]
A37: Pokémon | B37: {=iferror(VLOOKUP(INDIRECT(ADDRESS(ROW()+1,COLUMN(), 4)),Dex!$A$2:$C794,3,false),"")} | C37: {=iferror(VLOOKUP(INDIRECT(ADDRESS(ROW()+1,COLUMN(), 4)),Dex!$A$2:$C794,3,false),"")} | H37: {=iferror(VLOOKUP("TRAINER_PIC_SWIMMER_F",Sprites!$A$1:$B794,2,false),"")}
B38: Lumineon | C38: Bruxish
A39: Level | B39: 50 | C39: 50
A40: Held Item
A41: Ability | B41: Swift Swim | C41: Dazzling
A42: Nature | B42: Bashful | C42: Bashful
A43: Moves
A47: Name | B47: Swimmer♂ Dominik [Optional]
A48: Pokémon | B48: {=iferror(VLOOKUP(INDIRECT(ADDRESS(ROW()+1,COLUMN(), 4)),Dex!$A$2:$C794,3,false),"")} | C48: {=iferror(VLOOKUP(INDIRECT(ADDRESS(ROW()+1,COLUMN(), 4)),Dex!$A$2:$C794,3,false),"")} | H48: {=iferror(VLOOKUP("TRAINER_PIC_SWIMMER_M",Sprites!$A$1:$B794,2,false),"")}
B49: Barraskewda | C49: Wailord
A50: Level | B50: 50 | C50: 50
A51: Held Item
A52: Ability | B52: Swift Swim | C52: Water Veil
A53: Nature | B53: Bashful | C53: Bashful
A54: Moves
A58: Name | B58: Ruin Maniac Foster [Optional]
A59: Pokémon | B59: {=iferror(VLOOKUP(INDIRECT(ADDRESS(ROW()+1,COLUMN(), 4)),Dex!$A$2:$C794,3,false),"")} | C59: {=iferror(VLOOKUP(INDIRECT(ADDRESS(ROW()+1,COLUMN(), 4)),Dex!$A$2:$C794,3,false),"")} | D59: {=iferror(VLOOKUP(INDIRECT(ADDRESS(ROW()+1,COLUMN(), 4)),Dex!$A$2:$C794,3,false),"")} | H59: {=iferror(VLOOKUP("TRAINER_PIC_RUIN_MANIAC",Sprites!$A$1:$B794,2,false),"")}
B60: Corviknight | C60: Ambipom | D60: Exeggutor-Alola
A61: Level | B61: 50 | C61: 50 | D61: 50
A62: Held Item
A63: Ability | B63: Pressure | C63: Technician | D63: Harvest
A64: Nature | B64: Bashful | C64: Bashful | D64: Bashful
A65: Moves
A69: Name | B69: Swimmer♀ Beverly [Optional]
A70: Pokémon | B70: {=iferror(VLOOKUP(INDIRECT(ADDRESS(ROW()+1,COLUMN(), 4)),Dex!$A$2:$C794,3,false),"")} | C70: {=iferror(VLOOKUP(INDIRECT(ADDRESS(ROW()+1,COLUMN(), 4)),Dex!$A$2:$C794,3,false),"")} | H70: {=iferror(VLOOKUP("TRAINER_PIC_SWIMMER_F",Sprites!$A$1:$B794,2,false),"")}
B71: Dratini | C71: Dratini
A72: Level | B72: 70 | C72: 70
A73: Held Item
A74: Ability | B74: Shed Skin | C74: Shed Skin
A75: Nature | B75: Bashful | C75: Bashful
A76: Moves
A80: Name | B80: Swimmer♂ Luis [Optional]
A81: Pokémon | B81: {=iferror(VLOOKUP(INDIRECT(ADDRESS(ROW()+1,COLUMN(), 4)),Dex!$A$2:$C794,3,false),"")} | C81: {=iferror(VLOOKUP(INDIRECT(ADDRESS(ROW()+1,COLUMN(), 4)),Dex!$A$2:$C794,3,false),"")} | D81: {=iferror(VLOOKUP(INDIRECT(ADDRESS(ROW()+1,COLUMN(), 4)),Dex!$A$2:$C794,3,false),"")} | H81: {=iferror(VLOOKUP("TRAINER_PIC_SWIMMER_M",Sprites!$A$1:$B794,2,false),"")}
B82: Barraskewda | C82: Clawitzer | D82: Crawdaunt
A83: Level | B83: 50 | C83: 50 | D83: 50
A84: Held Item
A85: Ability | B85: Swift Swim | C85: Mega Launcher | D85: Hyper Cutter
A86: Nature | B86: Bashful | C86: Bashful | D86: Bashful
A87: Moves
A91: Name | B91: Bird Keeper Josue & Ruin Maniac Andres [Double]
A92: Pokémon | B92: {=iferror(VLOOKUP(INDIRECT(ADDRESS(ROW()+1,COLUMN(), 4)),Dex!$A$2:$C794,3,false),"")} | C92: {=iferror(VLOOKUP(INDIRECT(ADDRESS(ROW()+1,COLUMN(), 4)),Dex!$A$2:$C794,3,false),"")} | D92: {=iferror(VLOOKUP(INDIRECT(ADDRESS(ROW()+1,COLUMN(), 4)),Dex!$A$2:$C794,3,false),"")} | E92: {=iferror(VLOOKUP(INDIRECT(ADDRESS(ROW()+1,COLUMN(), 4)),Dex!$A$2:$C794,3,false),"")} | F92: {=iferror(VLOOKUP(INDIRECT(ADDRESS(ROW()+1,COLUMN(), 4)),Dex!$A$2:$C794,3,false),"")} | G92: {=iferror(VLOOKUP(INDIRECT(ADDRESS(ROW()+1,COLUMN(), 4)),Dex!$A$2:$C794,3,false),"")} | H92: {=iferror(VLOOKUP("TRAINER_PIC_RUIN_MANIAC",Sprites!$A$1:$B794,2,false),"")}
B93: Hawlucha | C93: Gliscor | D93: Beedrill-Mega | E93: Aurorus | F93: Wyrdeer | G93: Gastrodon
A94: Level | B94: 64 | C94: 64 | D94: 65 | E94: 64 | F94: 64 | G94: 64
A95: Held Item | B95: Focus Sash | C95: Yache Berry | D95: Beedrillite | E95: Power Herb | F95: Light Clay | G95: Iapapa Berry
A96: Ability | B96: Mold Breaker | C96: Hyper Cutter | D96: Adaptability | E96: Refrigerate | F96: Intimidate | G96: Storm Drain
A97: Nature | B97: Jolly | C97: Jolly | D97: Adamant | E97: Timid | F97: Timid | G97: Modest
A98: Moves | B98: Close Combat | C98: High Horsepower | D98: Poison Jab | E98: Meteor Beam | F98: Psychic | G98: Earth Power
B99: Dual Wingbeat | C99: Dual Wingbeat | D99: X-Scissor | E99: Hyper Voice | F99: Hyper Voice | G99: Muddy Water
B100: Reversal | C100: Rock Slide | D100: Drill Run | E100: Freeze-Dry | F100: Light Screen | G100: Ice Beam
B101: Endeavor | C101: Swords Dance | D101: Protect | E101: Icy Wind | F101: Reflect | G101: Recover
B102: Route 106
A103: Name | B103: Swimmer♂ Douglas [Optional]
A104: Pokémon | B104: {=iferror(VLOOKUP(INDIRECT(ADDRESS(ROW()+1,COLUMN(), 4)),Dex!$A$2:$C794,3,false),"")} | C104: {=iferror(VLOOKUP(INDIRECT(ADDRESS(ROW()+1,COLUMN(), 4)),Dex!$A$2:$C794,3,false),"")} | H104: {=iferror(VLOOKUP("TRAINER_PIC_SWIMMER_M",Sprites!$A$1:$B794,2,false),"")}
B105: Walrein | C105: Drednaw
A106: Level | B106: 50 | C106: 50
A107: Held Item
A108: Ability | B108: Thick Fat | C108: Strong Jaw
A109: Nature | B109: Bashful | C109: Bashful
A110: Moves
A114: Name | B114: Swimmer♀ Kyla [Optional]
A115: Pokémon | B115: {=iferror(VLOOKUP(INDIRECT(ADDRESS(ROW()+1,COLUMN(), 4)),Dex!$A$2:$C794,3,false),"")} | C115: {=iferror(VLOOKUP(INDIRECT(ADDRESS(ROW()+1,COLUMN(), 4)),Dex!$A$2:$C794,3,false),"")} | H115: {=iferror(VLOOKUP("TRAINER_PIC_SWIMMER_F",Sprites!$A$1:$B794,2,false),"")}
B116: Starmie | C116: Cloyster
A117: Level | B117: 50 | C117: 50
A118: Held Item
...

Sheet Tate & Liza Split
B1: Route 120
A2: Name | B2: Bird Keeper Colin
A3: Pokémon | B3: {=iferror(VLOOKUP(INDIRECT(ADDRESS(ROW()+1,COLUMN(), 4)),Dex!$A$2:$C954,3,false),"")} | C3: {=iferror(VLOOKUP(INDIRECT(ADDRESS(ROW()+1,COLUMN(), 4)),Dex!$A$2:$C954,3,false),"")} | D3: {=iferror(VLOOKUP(INDIRECT(ADDRESS(ROW()+1,COLUMN(), 4)),Dex!$A$2:$C954,3,false),"")} | H3: {=iferror(VLOOKUP("TRAINER_PIC_BIRD_KEEPER",Sprites!$A$1:$B954,2,false),"")}
B4: Aerodactyl | C4: Charizard | D4: Empoleon
A5: Level | B5: 68 | C5: 69 | D5: 68
A6: Held Item | B6: Passho Berry | C6: Focus Sash | D6: Water Gem
A7: Ability | B7: Unnerve | C7: Blaze | D7: Defiant
A8: Nature | B8: Jolly | C8: Timid | D8: Jolly
A9: Moves | B9: Stone Edge | C9: Burn Up | D9: Iron Head
B10: Aqua Tail | C10: Hurricane | D10: Aqua Jet
B11: Substitute | C11: Weather Ball | D11: Drill Peck
B12: Swagger | C12: Counter | D12: Swords Dance
A13: Name | B13: Cool Trainer Gian
A14: Pokémon | B14: {=iferror(VLOOKUP(INDIRECT(ADDRESS(ROW()+1,COLUMN(), 4)),Dex!$A$2:$C954,3,false),"")} | C14: {=iferror(VLOOKUP(INDIRECT(ADDRESS(ROW()+1,COLUMN(), 4)),Dex!$A$2:$C954,3,false),"")} | D14: {=iferror(VLOOKUP(INDIRECT(ADDRESS(ROW()+1,COLUMN(), 4)),Dex!$A$2:$C954,3,false),"")} | E14: {=iferror(VLOOKUP(INDIRECT(ADDRESS(ROW()+1,COLUMN(), 4)),Dex!$A$2:$C954,3,false),"")} | F14: {=iferror(VLOOKUP(INDIRECT(ADDRESS(ROW()+1,COLUMN(), 4)),Dex!$A$2:$C954,3,false),"")} | H14: {=iferror(VLOOKUP("TRAINER_PIC_COOLTRAINER_M",Sprites!$A$1:$B954,2,false),"")}
B15: Drifblim | C15: Swampert | D15: Duraludon | E15: Alakazam | F15: Alcremie
A16: Level | B16: 69 | C16: 69 | D16: 68 | E16: 68 | F16: 70
A17: Held Item | B17: Colbur Berry | C17: Rindo Berry | D17: Leftovers | E17: Focus Sash | F17: Babiri Berry
A18: Ability | B18: Aftermath | C18: Torrent | D18: Heavy Metal | E18: Inner Focus | F18: Sweet Veil
A19: Nature | B19: Timid | C19: Adamant | D19: Relaxed | E19: Timid | F19: Bold
A20: Moves | B20: Air Slash | C20: Liquidation | D20: Draco Meteor | E20: Psychic | F20: Draining Kiss
B21: Explosion | C21: Flip Turn | D21: Dragon Tail | E21: Dazzling Gleam | F21: Stored Power
B22: Thunder | C22: Earthquake | D22: Heavy Slam | E22: Signal Beam | F22: Acid Armor
B23: Weather Ball | C23: Stealth Rock | D23: Body Press | E23: Counter | F23: Calm Mind
A24: Name | B24: Cool Trainer Jennifer & Battle Girl Callie [Double]
A25: Pokémon | B25: {=iferror(VLOOKUP(INDIRECT(ADDRESS(ROW()+1,COLUMN(), 4)),Dex!$A$2:$C954,3,false),"")} | C25: {=iferror(VLOOKUP(INDIRECT(ADDRESS(ROW()+1,COLUMN(), 4)),Dex!$A$2:$C954,3,false),"")} | D25: {=iferror(VLOOKUP(INDIRECT(ADDRESS(ROW()+1,COLUMN(), 4)),Dex!$A$2:$C954,3,false),"")} | F25: {=iferror(VLOOKUP(INDIRECT(ADDRESS(ROW()+1,COLUMN(), 4)),Dex!$A$2:$C954,3,false),"")} | G25: {=iferror(VLOOKUP(INDIRECT(ADDRESS(ROW()+1,COLUMN(), 4)),Dex!$A$2:$C954,3,false),"")} | H25: {=iferror(VLOOKUP("TRAINER_PIC_BATTLE_GIRL",Sprites!$A$1:$B954,2,false),"")}
B26: Metagross | C26: Ursaring | D26: Zebstrika | F26: Sawk | G26: Poliwrath
A27: Level | B27: 69 | C27: 69 | D27: 70 | F27: 70 | G27: 70
A28: Held Item | B28: Assault Vest | C28: Toxic Orb | D28: Life Orb | F28: Lum Berry | G28: Lum Berry
A29: Ability | B29: Clear Body | C29: Quick Feet | D29: Lightning Rod | F29: Sturdy | G29: Swift Swim
A30: Nature | B30: Jolly | C30: Jolly | D30: Jolly | F30: Jolly | G30: Lonely
A31: Moves | B31: Meteor Mash | C31: Facade | D31: Zing Zap | F31: Close Combat | G31: Close Combat
B32: Zen Headbutt | C32: Retaliate | D32: High Horsepower | F32: Throat Chop | G32: Hydro Pump
B33: Thunder Punch | C33: Gunk Shot | D33: Low Kick | F33: Coaching | G33: Coaching
B34: Icy Wind | C34: High Horsepower | D34: Magnet Rise | F34: Protect | G34: Hypnosis
A35: Name | B35: Parasol Lady Angelica
A36: Pokémon | B36: {=iferror(VLOOKUP(INDIRECT(ADDRESS(ROW()+1,COLUMN(), 4)),Dex!$A$2:$C954,3,false),"")} | C36: {=iferror(VLOOKUP(INDIRECT(ADDRESS(ROW()+1,COLUMN(), 4)),Dex!$A$2:$C954,3,false),"")} | D36: {=iferror(VLOOKUP(INDIRECT(ADDRESS(ROW()+1,COLUMN(), 4)),Dex!$A$2:$C954,3,false),"")} | E36: {=iferror(VLOOKUP(INDIRECT(ADDRESS(ROW()+1,COLUMN(), 4)),Dex!$A$2:$C954,3,false),"")} | H36: {=iferror(VLOOKUP("TRAINER_PIC_PARASOL_LADY",Sprites!$A$1:$B954,2,false),"")}
B37: Stunfisk | C37: Chansey | D37: Mismagius | E37: Musharna
A38: Level | B38: 70 | C38: 71 | D38: 69 | E38: 69
A39: Held Item | B39: Lum Berry | C39: Eviolite | D39: Ghost Gem | E39: Colbur Berry
A40: Ability | B40: Static | C40: Natural Cure | D40: Levitate | E40: Synchronize
A41: Nature | B41: Relaxed | C41: Bold | D41: Timid | E41: Bold
A42: Moves | B42: Earthquake | C42: Seismic Toss | D42: Shadow Ball | E42: Psychic
B43: Discharge | C43: Counter | D43: Dazzling Gleam | E43: Moonblast
B44: Scald | C44: Soft-Boiled | D44: Mystical Fire | E44: Calm Mind
B45: Stealth Rock | C45: Toxic | D45: Nasty Plot | E45: Dark Void
A46: Name | B46: Ranger Jenna
A47: Pokémon | B47: {=iferror(VLOOKUP(INDIRECT(ADDRESS(ROW()+1,COLUMN(), 4)),Dex!$A$2:$C954,3,false),"")} | C47: {=iferror(VLOOKUP(INDIRECT(ADDRESS(ROW()+1,COLUMN(), 4)),Dex!$A$2:$C954,3,false),"")} | D47: {=iferror(VLOOKUP(INDIRECT(ADDRESS(ROW()+1,COLUMN(), 4)),Dex!$A$2:$C954,3,false),"")} | E47: {=iferror(VLOOKUP(INDIRECT(ADDRESS(ROW()+1,COLUMN(), 4)),Dex!$A$2:$C954,3,false),"")} | H47: {=iferror(VLOOKUP("TRAINER_PIC_POKEMON_RANGER_F",Sprites!$A$1:$B954,2,false),"")}
B48: Dragalge | C48: Pangoro | D48: Gothitelle | E48: Lilligant
A49: Level | B49: 69 | C49: 69 | D49: 70 | E49: 69
A50: Held Item | B50: Shuca Berry | C50: Eject Pack | D50: Focus Sash | E50: Leftovers
A51: Ability | B51: Adaptability | C51: Scrappy | D51: Shadow Tag | E51: Own Tempo
A52: Nature | B52: Modest | C52: Jolly | D52: Timid | E52: Bold
A53: Moves | B53: Sludge Wave | C53: Close Combat | D53: Psychic | E53: Petal Dance
B54: Dragon Pulse | C54: Knock Off | D54: Thunderbolt | E54: Sleep Powder
B55: Scald | C55: Gunk Shot | D55: Mystical Fire | E55: Synthesis
B56: Toxic Spikes | D56: Grass Knot | E56: Quiver Dance
A57: Name | B57: Ranger Lorenzo
A58: Pokémon | B58: {=iferror(VLOOKUP(INDIRECT(ADDRESS(ROW()+1,COLUMN(), 4)),Dex!$A$2:$C954,3,false),"")} | C58: {=iferror(VLOOKUP(INDIRECT(ADDRESS(ROW()+1,COLUMN(), 4)),Dex!$A$2:$C954,3,false),"")} | D58: {=iferror(VLOOKUP(INDIRECT(ADDRESS(ROW()+1,COLUMN(), 4)),Dex!$A$2:$C954,3,false),"")} | E58: {=iferror(VLOOKUP(INDIRECT(ADDRESS(ROW()+1,COLUMN(), 4)),Dex!$A$2:$C954,3,false),"")} | H58: {=iferror(VLOOKUP("TRAINER_PIC_POKEMON_RANGER_M",Sprites!$A$1:$B954,2,false),"")}
B59: Golisopod | C59: Appletun | D59: Miltank | E59: Mr. Mime
A60: Level | B60: 69 | C60: 70 | D60: 70 | E60: 70
A61: Held Item | B61: Bug Gem | C61: Lum Berry | D61: White Herb | E61: Life Orb
A62: Ability | B62: Emergency Exit | C62: Thick Fat | D62: Scrappy | E62: Filter
A63: Nature | B63: Adamant | C63: Bold | D63: Jolly | E63: Timid
A64: Moves | B64: First Impression | C64: Apple Acid | D64: Body Slam | E64: Moonblast
B65: Liquidation | C65: Body Press | D65: Body Press | E65: Psychic
B66: Leech Life | C66: Iron Defense | D66: Zen Headbutt | E66: Mystical Fire
B67: Knock Off | C67: Recover | D67: Curse | E67: Grass Knot
A68: Name | B68: Bug Maniac Jeffrey
A69: Pokémon | B69: {=iferror(VLOOKUP(INDIRECT(ADDRESS(ROW()+1,COLUMN(), 4)),Dex!$A$2:$C954,3,false),"")} | C69: {=iferror(VLOOKUP(INDIRECT(ADDRESS(ROW()+1,COLUMN(), 4)),Dex!$A$2:$C954,3,false),"")} | D69: {=iferror(VLOOKUP(INDIRECT(ADDRESS(ROW()+1,COLUMN(), 4)),Dex!$A$2:$C954,3,false),"")} | H69: {=iferror(VLOOKUP("TRAINER_PIC_BUG_MANIAC",Sprites!$A$1:$B954,2,false),"")}
B70: Vivillon | C70: Vivillon | D70: Vivillon
A71: Level | B71: 73 | C71: 73 | D71: 73
A72: Held Item | B72: Focus Sash | C72: Focus Sash | D72: Life Orb
A73: Ability | B73: Shield Dust | C73: Shield Dust | D73: Compound Eyes
A74: Nature | B74: Timid | C74: Timid | D74: Timid
A75: Moves | B75: Air Slash | C75: Bug Buzz | D75: Hurricane
B76: Energy Ball | C76: Air Slash | D76: Bug Buzz
B77: Electroweb | C77: Psychic | D77: Quiver Dance
B78: Endeavor | C78: Quiver Dance | D78: Sleep Powder
A79: Name | B79: Ruin Maniac Chip
A80: Pokémon | B80: {=iferror(VLOOKUP(INDIRECT(ADDRESS(ROW()+1,COLUMN(), 4)),Dex!$A$2:$C954,3,false),"")} | C80: {=iferror(VLOOKUP(INDIRECT(ADDRESS(ROW()+1,COLUMN(), 4)),Dex!$A$2:$C954,3,false),"")} | D80: {=iferror(VLOOKUP(INDIRECT(ADDRESS(ROW()+1,COLUMN(), 4)),Dex!$A$2:$C954,3,false),"")} | E80: {=iferror(VLOOKUP(INDIRECT(ADDRESS(ROW()+1,COLUMN(), 4)),Dex!$A$2:$C954,3,false),"")} | H80: {=iferror(VLOOKUP("TRAINER_PIC_RUIN_MANIAC",Sprites!$A$1:$B954,2,false),"")}
B81: Armaldo | C81: Cradily | D81: Tyrantrum | E81: Aurorus
A82: Level | B82: 70 | C82: 70 | D82: 69 | E82: 69
A83: Held Item | B83: Iapapa Berry | C83: Leftovers | D83: Dragon Gem | E83: Ice Gem
A84: Ability | B84: Battle Armor | C84: Suction Cups | D84: Rock Head | E84: Refrigerate
A85: Nature | B85: Jolly | C85: Careful | D85: Jolly | E85: Timid
A86: Moves | B86: Leech Life | C86: Power Whip | D86: Head Smash | E86: Hyper Voice
B87: Rock Tomb | C87: Rock Slide | D87: Scale Shot | E87: Freeze-Dry
B88: Knock Off | C88: Curse | D88: Earthquake | E88: Earth Power
B89: Stealth Rock | C89: Rest | D89: Substitute | E89: Substitute
A90: Name | B90: Ninja Boy Keigo
A91: Pokémon | B91: {=iferror(VLOOKUP(INDIRECT(ADDRESS(ROW()+1,COLUMN(), 4)),Dex!$A$2:$C954,3,false),"")} | C91: {=iferror(VLOOKUP(INDIRECT(ADDRESS(ROW()+1,COLUMN(), 4)),Dex!$A$2:$C954,3,false),"")} | D91: {=iferror(VLOOKUP(INDIRECT(ADDRESS(ROW()+1,COLUMN(), 4)),Dex!$A$2:$C954,3,false),"")} | E91: {=iferror(VLOOKUP(INDIRECT(ADDRESS(ROW()+1,COLUMN(), 4)),Dex!$A$2:$C954,3,false),"")} | H91: {=iferror(VLOOKUP("TRAINER_PIC_NINJA_BOY",Sprites!$A$1:$B954,2,false),"")}
B92: Lickilicky | C92: Cursola | D92: Glalie | E92: Zoroark
A93: Level | B93: 69 | C93: 70 | D93: 70 | E93: 70
A94: Held Item | B94: Chople Berry | C94: Custap Berry | D94: Leftovers | E94: Dark Gem
A95: Ability | B95: Own Tempo | C95: Perish Body | D95: Moody | E95: Illusion
A96: Nature | B96: Adamant | C96: Quiet | D96: Hasty | E96: Timid
A97: Moves | B97: Explosion | C97: Shadow Ball | D97: Freeze-Dry | E97: Night Daze
B98: Body Slam | C98: Explosion | D98: Icy Wind | E98: Flamethrower
B99: Power Whip | C99: Hydro Pump | D99: Explosion | E99: Aura Sphere
B100: Knock Off | C100: Endure | D100: Protect | E100: Nasty Plot
...

Sheet Juan Split
B1: Mossdeep Space Center
A2: Name | B2: Team Magma Grunt Space Center #1
A3: Pokémon | B3: {=iferror(VLOOKUP(INDIRECT(ADDRESS(ROW()+1,COLUMN(), 4)),Dex!$A$2:$C893,3,false),"")} | C3: {=iferror(VLOOKUP(INDIRECT(ADDRESS(ROW()+1,COLUMN(), 4)),Dex!$A$2:$C893,3,false),"")} | D3: {=iferror(VLOOKUP(INDIRECT(ADDRESS(ROW()+1,COLUMN(), 4)),Dex!$A$2:$C893,3,false),"")} | E3: {=iferror(VLOOKUP(INDIRECT(ADDRESS(ROW()+1,COLUMN(), 4)),Dex!$A$2:$C893,3,false),"")} | F3: {=iferror(VLOOKUP(INDIRECT(ADDRESS(ROW()+1,COLUMN(), 4)),Dex!$A$2:$C893,3,false),"")} | H3: {=iferror(VLOOKUP("TRAINER_PIC_MAGMA_GRUNT_M",Sprites!$A$1:$B893,2,false),"")}
B4: Steelix | C4: Appletun | D4: Zebstrika | E4: Corviknight | F4: Simisear
A5: Level | B5: 84 | C5: 83 | D5: 84 | E5: 84 | F5: 85
A6: Held Item | B6: Bright Powder | C6: Lum Berry | D6: Focus Band | E6: Weakness Policy | F6: Focus Band
A7: Ability | B7: Sturdy | C7: Thick Fat | D7: Sap Sipper | E7: Unnerve | F7: Blaze
A8: Nature | B8: Brave | C8: Modest | D8: Naive | E8: Careful | F8: Timid
A9: Moves | B9: Earthquake | C9: Dragon Pulse | D9: Zing Zap | E9: Body Press | F9: Flamethrower
B10: Gyro Ball | C10: Apple Acid | D10: Overheat | E10: Power Trip | F10: Hidden Power Ice
B11: Explosion | C11: Leech Seed | D11: High Horsepower | E11: Iron Defense | F11: Grass Knot
B12: Stealth Rock | C12: Recover | D12: Low Kick | E12: Agility | F12: Nasty Plot
A13: Name | B13: Team Magma Grunt Space Center #2
A14: Pokémon | B14: {=iferror(VLOOKUP(INDIRECT(ADDRESS(ROW()+1,COLUMN(), 4)),Dex!$A$2:$C893,3,false),"")} | C14: {=iferror(VLOOKUP(INDIRECT(ADDRESS(ROW()+1,COLUMN(), 4)),Dex!$A$2:$C893,3,false),"")} | D14: {=iferror(VLOOKUP(INDIRECT(ADDRESS(ROW()+1,COLUMN(), 4)),Dex!$A$2:$C893,3,false),"")} | E14: {=iferror(VLOOKUP(INDIRECT(ADDRESS(ROW()+1,COLUMN(), 4)),Dex!$A$2:$C893,3,false),"")} | F14: {=iferror(VLOOKUP(INDIRECT(ADDRESS(ROW()+1,COLUMN(), 4)),Dex!$A$2:$C893,3,false),"")} | G14: {=iferror(VLOOKUP(INDIRECT(ADDRESS(ROW()+1,COLUMN(), 4)),Dex!$A$2:$C893,3,false),"")} | H14: {=iferror(VLOOKUP("TRAINER_PIC_MAGMA_GRUNT_M",Sprites!$A$1:$B893,2,false),"")}
B15: Scrafty | C15: Duraludon | D15: Exeggutor | E15: Aerodactyl | F15: Darmanitan | G15: Weavile
A16: Level | B16: 85 | C16: 84 | D16: 85 | E16: 84 | F16: 86 | G16: 86
A17: Held Item | B17: Assault Vest | C17: Iapapa Berry | D17: Quick Claw | E17: Scope Lens | F17: Life Orb | G17: Bright Powder
A18: Ability | B18: Intimidate | C18: Heavy Metal | D18: Chlorophyll | E18: Unnerve | F18: Sheer Force | G18: Inner Focus
A19: Nature | B19: Adamant | C19: Relaxed | D19: Quiet | E19: Jolly | F19: Jolly | G19: Jolly
A20: Moves | B20: Close Combat | C20: Draco Meteor | D20: Psychic | E20: Stone Edge | F20: Flare Blitz | G20: Night Slash
B21: Knock Off | C21: Heavy Slam | D21: Grass Knot | E21: Dual Wingbeat | F21: Earthquake | G21: Ice Shard
B22: Stone Edge | C22: Body Press | D22: Explosion | E22: Earthquake | F22: Rock Slide | G22: Low Kick
B23: Counter | C23: Stealth Rock | D23: Sleep Powder | E23: Dragon Dance | F23: Reversal | G23: Swords Dance
A24: Name | B24: Team Magma Grunt Space Center #3
A25: Pokémon | B25: {=iferror(VLOOKUP(INDIRECT(ADDRESS(ROW()+1,COLUMN(), 4)),Dex!$A$2:$C893,3,false),"")} | C25: {=iferror(VLOOKUP(INDIRECT(ADDRESS(ROW()+1,COLUMN(), 4)),Dex!$A$2:$C893,3,false),"")} | D25: {=iferror(VLOOKUP(INDIRECT(ADDRESS(ROW()+1,COLUMN(), 4)),Dex!$A$2:$C893,3,false),"")} | E25: {=iferror(VLOOKUP(INDIRECT(ADDRESS(ROW()+1,COLUMN(), 4)),Dex!$A$2:$C893,3,false),"")} | F25: {=iferror(VLOOKUP(INDIRECT(ADDRESS(ROW()+1,COLUMN(), 4)),Dex!$A$2:$C893,3,false),"")} | H25: {=iferror(VLOOKUP("TRAINER_PIC_MAGMA_GRUNT_F",Sprites!$A$1:$B893,2,false),"")}
B26: Diggersby | C26: Silvally-Grass | D26: Ribombee | E26: Arcanine | F26: Klinklang
A27: Level | B27: 85 | C27: 85 | D27: 85 | E27: 86 | F27: 86
A28: Held Item | B28: Quick Claw | C28: Grass Memory | D28: Focus Band | E28: Bright Powder | F28: Choice Band
A29: Ability | B29: Huge Power | C29: RKS System | D29: Shield Dust | E29: Intimidate | F29: Clear Body
A30: Nature | B30: Adamant | C30: Naive | D30: Modest | E30: Jolly | F30: Jolly
A31: Moves | B31: Double-Edge | C31: Multi-Attack | D31: Moonblast | E31: Flare Blitz | F31: Gear Grind
B32: Earthquake | C32: Flamethrower | D32: Bug Buzz | E32: Close Combat
B33: Fire Punch | C33: Ice Beam | D33: Hidden Power Fire | E33: Wild Charge
B34: Knock Off | C34: Imprison | D34: Quiver Dance | E34: Extreme Speed
A35: Name | B35: Magma Admin Courtney
A36: Pokémon | B36: {=iferror(VLOOKUP(INDIRECT(ADDRESS(ROW()+1,COLUMN(), 4)),Dex!$A$2:$C893,3,false),"")} | C36: {=iferror(VLOOKUP(INDIRECT(ADDRESS(ROW()+1,COLUMN(), 4)),Dex!$A$2:$C893,3,false),"")} | D36: {=iferror(VLOOKUP(INDIRECT(ADDRESS(ROW()+1,COLUMN(), 4)),Dex!$A$2:$C893,3,false),"")} | E36: {=iferror(VLOOKUP(INDIRECT(ADDRESS(ROW()+1,COLUMN(), 4)),Dex!$A$2:$C893,3,false),"")} | F36: {=iferror(VLOOKUP(INDIRECT(ADDRESS(ROW()+1,COLUMN(), 4)),Dex!$A$2:$C893,3,false),"")} | G36: {=iferror(VLOOKUP(INDIRECT(ADDRESS(ROW()+1,COLUMN(), 4)),Dex!$A$2:$C893,3,false),"")} | H36: {=iferror(VLOOKUP("TRAINER_PIC_MAGMA_GRUNT_F",Sprites!$A$1:$B893,2,false),"")}
B37: Shaymin | C37: Dugtrio | D37: Tyrantrum | E37: Xurkitree | F37: Buzzwole | G37: Charizard-Mega-X
A38: Level | B38: 87 | C38: 86 | D38: 86 | E38: 87 | F38: 87 | G38: 87
A39: Held Item | B39: Life Orb | C39: Ground Gem | D39: Focus Sash | E39: Leftovers | F39: Assault Vest | G39: Charizardite X
A40: Ability | B40: Natural Cure | C40: Arena Trap | D40: Rock Head | E40: Beast Boost | F40: Beast Boost | G40: Tough Claws
A41: Nature | B41: Timid | C41: Jolly | D41: Adamant | E41: Timid | F41: Jolly | G41: Jolly
A42: Moves | B42: Seed Flare | C42: Earthquake | D42: Head Smash | E42: Thunderbolt | F42: Leech Life | G42: Flare Blitz
B43: Earth Power | C43: Final Gambit | D43: Scale Shot | E43: Grass Knot | F43: Drain Punch | G43: Dragon Claw
B44: Hidden Power Ice | C44: Memento | D44: Close Combat | E44: Hypnosis | F44: Stone Edge | G44: Dragon Dance
B45: Grass Whistle | C45: Stealth Rock | D45: Rock Polish | E45: Substitute | F45: Ice Punch | G45: Roost
A46: Name | B46: Team Magma Grunt Space Center #5
A47: Pokémon | B47: {=iferror(VLOOKUP(INDIRECT(ADDRESS(ROW()+1,COLUMN(), 4)),Dex!$A$2:$C893,3,false),"")} | C47: {=iferror(VLOOKUP(INDIRECT(ADDRESS(ROW()+1,COLUMN(), 4)),Dex!$A$2:$C893,3,false),"")} | H47: {=iferror(VLOOKUP("TRAINER_PIC_MAGMA_GRUNT_M",Sprites!$A$1:$B893,2,false),"")}
B48: Armaldo | C48: Rotom-Heat
A49: Level | B49: 84 | C49: 85
A50: Held Item | B50: Bright Powder | C50: White Herb
A51: Ability | B51: Battle Armor | C51: Levitate
A52: Nature | B52: Adamant | C52: Timid
A53: Moves | B53: Leech Life | C53: Overheat
B54: Rock Blast | C54: Thunderbolt
B55: Earthquake | C55: Will-O-Wisp
B56: Swords Dance | C56: Thunder Wave
A57: Name | B57: Team Magma Grunt Space Center #6
A58: Pokémon | B58: {=iferror(VLOOKUP(INDIRECT(ADDRESS(ROW()+1,COLUMN(), 4)),Dex!$A$2:$C893,3,false),"")} | C58: {=iferror(VLOOKUP(INDIRECT(ADDRESS(ROW()+1,COLUMN(), 4)),Dex!$A$2:$C893,3,false),"")} | H58: {=iferror(VLOOKUP("TRAINER_PIC_MAGMA_GRUNT_M",Sprites!$A$1:$B893,2,false),"")}
B59: Machamp | C59: Talonflame
A60: Level | B60: 85 | C60: 85
A61: Held Item | B61: Quick Claw | C61: Flying Gem
A62: Ability | B62: No Guard | C62: Flame Body
A63: Nature | B63: Adamant | C63: Jolly
A64: Moves | B64: Dynamic Punch | C64: Flare Blitz
B65: Stone Edge | C65: Acrobatics
B66: Knock Off | C66: Swords Dance
B67: Bulk Up | C67: Will-O-Wisp
A68: Name | B68: Team Magma Grunt Space Center #7
A69: Pokémon | B69: {=iferror(VLOOKUP(INDIRECT(ADDRESS(ROW()+1,COLUMN(), 4)),Dex!$A$2:$C893,3,false),"")} | C69: {=iferror(VLOOKUP(INDIRECT(ADDRESS(ROW()+1,COLUMN(), 4)),Dex!$A$2:$C893,3,false),"")} | D69: {=iferror(VLOOKUP(INDIRECT(ADDRESS(ROW()+1,COLUMN(), 4)),Dex!$A$2:$C893,3,false),"")} | H69: {=iferror(VLOOKUP("TRAINER_PIC_MAGMA_GRUNT_M",Sprites!$A$1:$B893,2,false),"")}
B70: Bisharp | C70: Weezing-Galar | D70: Guzzlord
A71: Level | B71: 85 | C71: 85 | D71: 86
A72: Held Item | B72: Lum Berry | C72: Black Sludge | D72: Focus Band
A73: Ability | B73: Defiant | C73: Levitate | D73: Beast Boost
A74: Nature | B74: Jolly | C74: Timid | D74: Adamant
A75: Moves | B75: Iron Head | C75: Sludge Bomb | D75: Dragon Rush
B76: Pursuit | C76: Flamethrower | D76: Knock Off
B77: Psycho Cut | C77: Protect | D77: Heavy Slam
B78: Low Kick | C78: Will-O-Wisp | D78: Earthquake
A79: Name | B79: Magma Leader Maxie & Magma Admin Tabitha [Tag Battle] [Boss]
A80: Pokémon | B80: {=iferror(VLOOKUP(INDIRECT(ADDRESS(ROW()+1,COLUMN(), 4)),Dex!$A$2:$C893,3,false),"")} | C80: {=iferror(VLOOKUP(INDIRECT(ADDRESS(ROW()+1,COLUMN(), 4)),Dex!$A$2:$C893,3,false),"")} | D80: {=iferror(VLOOKUP(INDIRECT(ADDRESS(ROW()+1,COLUMN(), 4)),Dex!$A$2:$C893,3,false),"")} | E80: {=iferror(VLOOKUP(INDIRECT(ADDRESS(ROW()+1,COLUMN(), 4)),Dex!$A$2:$C893,3,false),"")} | F80: {=iferror(VLOOKUP(INDIRECT(ADDRESS(ROW()+1,COLUMN(), 4)),Dex!$A$2:$C893,3,false),"")} | G80: {=iferror(VLOOKUP(INDIRECT(ADDRESS(ROW()+1,COLUMN(), 4)),Dex!$A$2:$C893,3,false),"")} | H80: {=iferror(VLOOKUP("TRAINER_PIC_MAGMA_LEADER_MAXIE",Sprites!$A$1:$B893,2,false),"")}
B81: Landorus | C81: Heatran | D81: Garchomp-Mega | E81: Tyranitar-Mega | F81: Ferrothorn | G81: Moltres
A82: Level | B82: 88 | C82: 88 | D82: 89 | E82: 89 | F82: 88 | G82: 88
A83: Held Item | B83: Life Orb | C83: Air Balloon | D83: Garchompite | E83: Tyranitarite | F83: Rocky Helmet | G83: Fire Gem
A84: Ability | B84: Sheer Force | C84: Flash Fire | D84: Sand Force | E84: Sand Stream | F84: Iron Barbs | G84: Flame Body
A85: Nature | B85: Timid | C85: Timid | D85: Jolly | E85: Adamant | F85: Impish | G85: Timid
A86: Moves | B86: Earth Power | C86: Magma Storm | D86: High Horsepower | E86: Crunch | F86: Power Whip | G86: Burn Up
B87: Psychic | C87: Heat Wave | D87: Scale Shot | E87: Low Kick | F87: Body Press | G87: Hurricane
B88: Weather Ball | C88: Flash Cannon | D88: Stone Edge | E88: Heavy Slam | F88: Knock Off | G88: Detect
B89: Protect | C89: Earth Power | D89: Protect | E89: Taunt | F89: Leech Seed | G89: Tailwind
A90: Name | B90: Trainer Steven [Tag Partner]
A91: Pokémon | B91: {=iferror(VLOOKUP(INDIRECT(ADDRESS(ROW()+1,COLUMN(), 4)),Dex!$A$2:$C893,3,false),"")} | C91: {=iferror(VLOOKUP(INDIRECT(ADDRESS(ROW()+1,COLUMN(), 4)),Dex!$A$2:$C893,3,false),"")} | D91: {=iferror(VLOOKUP(INDIRECT(ADDRESS(ROW()+1,COLUMN(), 4)),Dex!$A$2:$C893,3,false),"")} | H91: {=iferror(VLOOKUP("TRAINER_PIC_STEVEN",Sprites!$A$1:$B893,2,false),"")}
B92: Dialga | C92: Metagross | D92: Steelix-Mega
A93: Level | B93: 90 | C93: 89 | D93: 90
A94: Held Item | B94: Dragon Gem | C94: Life Orb | D94: Steelixite
A95: Ability | B95: Telepathy | C95: Clear Body | D95: Sand Force
A96: Nature | B96: Quiet | C96: Brave | D96: Brave
A97: Moves | B97: Dragon Pulse | C97: Meteor Mash | D97: High Horsepower
B98: Flamethrower | C98: Hammer Arm | D98: Heavy Slam
B99: Aura Sphere | C99: Ice Punch | D99: Body Press
B100: Trick Room | C100: Trick Room | D100: Rock Slide
...

Sheet Victory Road Split
B1: Victory Road
A2: Name | B2: Trainer Wally
A3: Pokémon | B3: {=iferror(VLOOKUP(INDIRECT(ADDRESS(ROW()+1,COLUMN(), 4)),Dex!$A$2:$C367,3,false),"")} | C3: {=iferror(VLOOKUP(INDIRECT(ADDRESS(ROW()+1,COLUMN(), 4)),Dex!$A$2:$C367,3,false),"")} | D3: {=iferror(VLOOKUP(INDIRECT(ADDRESS(ROW()+1,COLUMN(), 4)),Dex!$A$2:$C367,3,false),"")} | E3: {=iferror(VLOOKUP(INDIRECT(ADDRESS(ROW()+1,COLUMN(), 4)),Dex!$A$2:$C367,3,false),"")} | F3: {=iferror(VLOOKUP(INDIRECT(ADDRESS(ROW()+1,COLUMN(), 4)),Dex!$A$2:$C367,3,false),"")} | G3: {=iferror(VLOOKUP(INDIRECT(ADDRESS(ROW()+1,COLUMN(), 4)),Dex!$A$2:$C367,3,false),"")} | H3: {=iferror(VLOOKUP("TRAINER_PIC_WALLY",Sprites!$A$1:$B367,2,false),"")}
B4: Vikavolt | C4: Roserade | D4: Azumarill | E4: Genesect | F4: Obstagoon | G4: Gardevoir-Mega
A5: Level | B5: 94 | C5: 94 | D5: 94 | E5: 95 | F5: 95 | G5: 95
A6: Held Item | B6: Focus Sash | C6: Life Orb | D6: Sitrus Berry | E6: Focus Sash | F6: Flame Orb | G6: Gardevoirite
A7: Ability | B7: Levitate | C7: Technician | D7: Huge Power | E7: Download | F7: Guts | G7: Pixilate
A8: Nature | B8: Modest | C8: Timid | D8: Jolly | E8: Hasty | F8: Jolly | G8: Timid
A9: Moves | B9: Thunderbolt | C9: Sludge Bomb | D9: Play Rough | E9: Bug Buzz | F9: Facade | G9: Psychic
B10: Bug Buzz | C10: Grass Knot | D10: Aqua Jet | E10: Flash Cannon | F10: Knock Off | G10: Hyper Voice
B11: Energy Ball | C11: Dazzling Gleam | D11: Knock Off | E11: Explosion | F11: Cross Chop | G11: Mystical Fire
B12: Sticky Web | C12: Hidden Power Fire | D12: Belly Drum | E12: Flamethrower | F12: Bulk Up | G12: Calm Mind
A13: Name | B13: Cool Trainer Hope & Cool Trainer Albert [Double]
A14: Pokémon | B14: {=iferror(VLOOKUP(INDIRECT(ADDRESS(ROW()+1,COLUMN(), 4)),Dex!$A$2:$C367,3,false),"")} | C14: {=iferror(VLOOKUP(INDIRECT(ADDRESS(ROW()+1,COLUMN(), 4)),Dex!$A$2:$C367,3,false),"")} | D14: {=iferror(VLOOKUP(INDIRECT(ADDRESS(ROW()+1,COLUMN(), 4)),Dex!$A$2:$C367,3,false),"")} | E14: {=iferror(VLOOKUP(INDIRECT(ADDRESS(ROW()+1,COLUMN(), 4)),Dex!$A$2:$C367,3,false),"")} | F14: {=iferror(VLOOKUP(INDIRECT(ADDRESS(ROW()+1,COLUMN(), 4)),Dex!$A$2:$C367,3,false),"")} | G14: {=iferror(VLOOKUP(INDIRECT(ADDRESS(ROW()+1,COLUMN(), 4)),Dex!$A$2:$C367,3,false),"")} | H14: {=iferror(VLOOKUP("TRAINER_PIC_COOLTRAINER_M",Sprites!$A$1:$B367,2,false),"")}
B15: Mamoswine | C15: Donphan | D15: Venusaur-Mega | E15: Aerodactyl-Mega | F15: Staraptor | G15: Hydreigon
A16: Level | B16: 94 | C16: 93 | D16: 95 | E16: 95 | F16: 93 | G16: 94
A17: Held Item | B17: Lum Berry | C17: Custap Berry | D17: Venusaurite | E17: Aerodactylite | F17: Flying Gem | G17: Fire Gem
A18: Ability | B18: Oblivious | C18: Sturdy | D18: Thick Fat | E18: Tough Claws | F18: Intimidate | G18: Levitate
A19: Nature | B19: Naive | C19: Adamant | D19: Naive | E19: Jolly | F19: Jolly | G19: Timid
A20: Moves | B20: Earthquake | C20: Earthquake | D20: Sludge Bomb | E20: Rock Slide | F20: Double-Edge | G20: Dragon Pulse
B21: Icicle Crash | C21: Stone Edge | D21: Giga Drain | E21: Dual Wingbeat | F21: Acrobatics | G21: Dark Pulse
B22: Freeze-Dry | C22: Knock Off | D22: Earthquake | E22: Fire Fang | F22: Close Combat | G22: Heat Wave
B23: Knock Off | C23: Endeavor | D23: Sleep Powder | E23: Tailwind | F23: Tailwind | G23: Tailwind
A24: Name | B24: Cool Trainer Katelynn
A25: Pokémon | B25: {=iferror(VLOOKUP(INDIRECT(ADDRESS(ROW()+1,COLUMN(), 4)),Dex!$A$2:$C367,3,false),"")} | C25: {=iferror(VLOOKUP(INDIRECT(ADDRESS(ROW()+1,COLUMN(), 4)),Dex!$A$2:$C367,3,false),"")} | D25: {=iferror(VLOOKUP(INDIRECT(ADDRESS(ROW()+1,COLUMN(), 4)),Dex!$A$2:$C367,3,false),"")} | E25: {=iferror(VLOOKUP(INDIRECT(ADDRESS(ROW()+1,COLUMN(), 4)),Dex!$A$2:$C367,3,false),"")} | F25: {=iferror(VLOOKUP(INDIRECT(ADDRESS(ROW()+1,COLUMN(), 4)),Dex!$A$2:$C367,3,false),"")} | G25: {=iferror(VLOOKUP(INDIRECT(ADDRESS(ROW()+1,COLUMN(), 4)),Dex!$A$2:$C367,3,false),"")} | H25: {=iferror(VLOOKUP("TRAINER_PIC_COOLTRAINER_F",Sprites!$A$1:$B367,2,false),"")}
B26: Walrein | C26: Yanmega | D26: Ludicolo | E26: Dugtrio | F26: Magnezone | G26: Pinsir-Mega
A27: Level | B27: 93 | C27: 93 | D27: 94 | E27: 94 | F27: 94 | G27: 95
A28: Held Item | B28: Lum Berry | C28: Leftovers | D28: Eject Pack | E28: Life Orb | F28: Air Balloon | G28: Pinsirite
A29: Ability | B29: Thick Fat | C29: Speed Boost | D29: Own Tempo | E29: Arena Trap | F29: Magnet Pull | G29: Aerilate
A30: Nature | B30: Bold | C30: Timid | D30: Timid | E30: Jolly | F30: Quiet | G30: Jolly
A31: Moves | B31: Ice Beam | C31: Bug Buzz | D31: Leaf Storm | E31: Earthquake | F31: Flash Cannon | G31: Earthquake
B32: Scald | C32: Air Slash | D32: Scald | E32: Stone Edge | F32: Discharge | G32: Frustration
B33: Whirlpool | C33: Hypnosis | D33: Knock Off | E33: Night Slash | F33: Explosion | G33: Quick Attack
B34: Super Fang | C34: Substitute | D34: Icy Wind | E34: Pursuit | F34: Hidden Power Fire | G34: Swords Dance
A35: Name | B35: Cool Trainer Quincy
A36: Pokémon | B36: {=iferror(VLOOKUP(INDIRECT(ADDRESS(ROW()+1,COLUMN(), 4)),Dex!$A$2:$C367,3,false),"")} | C36: {=iferror(VLOOKUP(INDIRECT(ADDRESS(ROW()+1,COLUMN(), 4)),Dex!$A$2:$C367,3,false),"")} | D36: {=iferror(VLOOKUP(INDIRECT(ADDRESS(ROW()+1,COLUMN(), 4)),Dex!$A$2:$C367,3,false),"")} | E36: {=iferror(VLOOKUP(INDIRECT(ADDRESS(ROW()+1,COLUMN(), 4)),Dex!$A$2:$C367,3,false),"")} | F36: {=iferror(VLOOKUP(INDIRECT(ADDRESS(ROW()+1,COLUMN(), 4)),Dex!$A$2:$C367,3,false),"")} | G36: {=iferror(VLOOKUP(INDIRECT(ADDRESS(ROW()+1,COLUMN(), 4)),Dex!$A$2:$C367,3,false),"")} | H36: {=iferror(VLOOKUP("TRAINER_PIC_COOLTRAINER_M",Sprites!$A$1:$B367,2,false),"")}
B37: Carbink | C37: Slowking | D37: Trevenant | E37: Muk | F37: Kommo-o | G37: Beedrill-Mega
A38: Level | B38: 94 | C38: 93 | D38: 93 | E38: 94 | F38: 94 | G38: 95
A39: Held Item | B39: Leftovers | C39: Assault Vest | D39: Sitrus Berry | E39: Black Sludge | F39: Dragon Gem | G39: Beedrillite
A40: Ability | B40: Sturdy | C40: Regenerator | D40: Harvest | E40: Poison Touch | F40: Overcoat | G40: Adaptability
A41: Nature | B41: Impish | C41: Bold | D41: Adamant | E41: Careful | F41: Jolly | G41: Jolly
A42: Moves | B42: Explosion | C42: Future Sight | D42: Poltergeist | E42: Gunk Shot | F42: Close Combat | G42: X-Scissor
B43: Body Press | C43: Scald | D43: Horn Leech | E43: Explosion | F43: Dragon Claw | G43: Drill Run
B44: Spikes | C44: Flamethrower | D44: Leech Seed | E44: Fire Punch | F44: Poison Jab | G44: Knock Off
B45: Stealth Rock | C45: Dragon Tail | D45: Substitute | E45: Curse | F45: Dragon Dance | G45: Swords Dance
A46: Name | B46: Cool Trainer Felix
A47: Pokémon | B47: {=iferror(VLOOKUP(INDIRECT(ADDRESS(ROW()+1,COLUMN(), 4)),Dex!$A$2:$C367,3,false),"")} | C47: {=iferror(VLOOKUP(INDIRECT(ADDRESS(ROW()+1,COLUMN(), 4)),Dex!$A$2:$C367,3,false),"")} | D47: {=iferror(VLOOKUP(INDIRECT(ADDRESS(ROW()+1,COLUMN(), 4)),Dex!$A$2:$C367,3,false),"")} | E47: {=iferror(VLOOKUP(INDIRECT(ADDRESS(ROW()+1,COLUMN(), 4)),Dex!$A$2:$C367,3,false),"")} | F47: {=iferror(VLOOKUP(INDIRECT(ADDRESS(ROW()+1,COLUMN(), 4)),Dex!$A$2:$C367,3,false),"")} | G47: {=iferror(VLOOKUP(INDIRECT(ADDRESS(ROW()+1,COLUMN(), 4)),Dex!$A$2:$C367,3,false),"")} | H47: {=iferror(VLOOKUP("TRAINER_PIC_COOLTRAINER_M",Sprites!$A$1:$B367,2,false),"")}
B48: Rillaboom | C48: Tyranitar | D48: Clefable | E48: Arcanine-Hisui | F48: Inteleon | G48: Ampharos-Mega
A49: Level | B49: 94 | C49: 93 | D49: 93 | E49: 94 | F49: 95 | G49: 95
A50: Held Item | B50: Focus Sash | C50: Dark Gem | D50: Grassy Seed | E50: Lum Berry | F50: Flying Gem | G50: Ampharosite
A51: Ability | B51: Grassy Surge | C51: Sand Stream | D51: Magic Guard | E51: Rock Head | F51: Sniper | G51: Mold Breaker
A52: Nature | B52: Adamant | C52: Jolly | D52: Timid | E52: Jolly | F52: Hasty | G52: Timid
A53: Moves | B53: Grassy Glide | C53: Stone Edge | D53: Moonblast | E53: Head Smash | F53: Snipe Shot | G53: Thunderbolt
B54: Knock Off | C54: Crunch | D54: Flamethrower | E54: Flare Blitz | F54: Hidden Power Grass | G54: Dragon Pulse
B55: Low Sweep | C55: Pursuit | D55: Calm Mind | E55: Close Combat | F55: Acrobatics | G55: Focus Blast
B56: Endeavor | C56: Stealth Rock | D56: Soft-Boiled | E56: Extreme Speed | F56: Work Up | G56: Agility
A57: Name | B57: Cool Trainer Julie & Cool Trainer Dianne [Double]
A58: Pokémon | B58: {=iferror(VLOOKUP(INDIRECT(ADDRESS(ROW()+1,COLUMN(), 4)),Dex!$A$2:$C367,3,false),"")} | C58: {=iferror(VLOOKUP(INDIRECT(ADDRESS(ROW()+1,COLUMN(), 4)),Dex!$A$2:$C367,3,false),"")} | D58: {=iferror(VLOOKUP(INDIRECT(ADDRESS(ROW()+1,COLUMN(), 4)),Dex!$A$2:$C367,3,false),"")} | E58: {=iferror(VLOOKUP(INDIRECT(ADDRESS(ROW()+1,COLUMN(), 4)),Dex!$A$2:$C367,3,false),"")} | F58: {=iferror(VLOOKUP(INDIRECT(ADDRESS(ROW()+1,COLUMN(), 4)),Dex!$A$2:$C367,3,false),"")} | G58: {=iferror(VLOOKUP(INDIRECT(ADDRESS(ROW()+1,COLUMN(), 4)),Dex!$A$2:$C367,3,false),"")} | H58: {=iferror(VLOOKUP("TRAINER_PIC_COOLTRAINER_F",Sprites!$A$1:$B367,2,false),"")}
B59: Sceptile-Mega | C59: Sirfetch’d | D59: Florges | E59: Golisopod | F59: Honchkrow | G59: Kangaskhan-Mega
A60: Level | B60: 95 | C60: 94 | D60: 94 | E60: 94 | F60: 94 | G60: 95
A61: Held Item | B61: Sceptilite | C61: Fighting Gem | D61: Salac Berry | E61: Assault Vest | F61: Focus Sash | G61: Kangaskhanite
A62: Ability | B62: Lightning Rod | C62: Scrappy | D62: Symbiosis | E62: Emergency Exit | F62: Super Luck | G62: Parental Bond
A63: Nature | B63: Timid | C63: Jolly | D63: Timid | E63: Adamant | F63: Timid | G63: Jolly
A64: Moves | B64: Energy Ball | C64: Close Combat | D64: Dazzling Gleam | E64: First Impression | F64: Hurricane | G64: Body Slam
B65: Dragon Pulse | C65: Poison Jab | D65: Psychic | E65: Liquidation | F65: Dark Pulse | G65: Crunch
B66: Focus Blast | C66: Knock Off | D66: Pollen Puff | E66: Leech Life | F66: Heat Wave | G66: Seismic Toss
B67: Detect | C67: Detect | D67: Calm Mind | E67: Knock Off | F67: Tailwind | G67: Fake Out
A68: Name | B68: Cool Trainer Samuel
A69: Pokémon | B69: {=iferror(VLOOKUP(INDIRECT(ADDRESS(ROW()+1,COLUMN(), 4)),Dex!$A$2:$C367,3,false),"")} | C69: {=iferror(VLOOKUP(INDIRECT(ADDRESS(ROW()+1,COLUMN(), 4)),Dex!$A$2:$C367,3,false),"")} | D69: {=iferror(VLOOKUP(INDIRECT(ADDRESS(ROW()+1,COLUMN(), 4)),Dex!$A$2:$C367,3,false),"")} | E69: {=iferror(VLOOKUP(INDIRECT(ADDRESS(ROW()+1,COLUMN(), 4)),Dex!$A$2:$C367,3,false),"")} | F69: {=iferror(VLOOKUP(INDIRECT(ADDRESS(ROW()+1,COLUMN(), 4)),Dex!$A$2:$C367,3,false),"")} | G69: {=iferror(VLOOKUP(INDIRECT(ADDRESS(ROW()+1,COLUMN(), 4)),Dex!$A$2:$C367,3,false),"")} | H69: {=iferror(VLOOKUP("TRAINER_PIC_COOLTRAINER_M",Sprites!$A$1:$B367,2,false),"")}
B70: Scolipede | C70: Garchomp | D70: Tauros | E70: Gyarados | F70: Eelektross | G70: Blaziken-Mega
A71: Level | B71: 94 | C71: 93 | D71: 93 | E71: 93 | F71: 94 | G71: 95
A72: Held Item | B72: Focus Sash | C72: Life Orb | D72: Life Orb | E72: Lum Berry | F72: Assault Vest | G72: Blazikenite
A73: Ability | B73: Speed Boost | C73: Rough Skin | D73: Sheer Force | E73: Moxie | F73: Levitate | G73: Speed Boost
A74: Nature | B74: Jolly | C74: Jolly | D74: Jolly | E74: Jolly | F74: Relaxed | G74: Jolly
A75: Moves | B75: Infestation | C75: Scale Shot | D75: Body Slam | E75: Waterfall | F75: Discharge | G75: Close Combat
B76: Endeavor | C76: Earthquake | D76: Close Combat | E76: Power Whip | F76: Flamethrower | G76: Flare Blitz
B77: Spikes | C77: Stone Edge | D77: Zen Headbutt | E77: Ice Fang | F77: Sludge Bomb | G77: Stone Edge
B78: Toxic Spikes | C78: Stealth Rock | D78: Throat Chop | E78: Dragon Dance | F78: Knock Off | G78: Swords Dance
A79: Name | B79: Cool Trainer Shannon
A80: Pokémon | B80: {=iferror(VLOOKUP(INDIRECT(ADDRESS(ROW()+1,COLUMN(), 4)),Dex!$A$2:$C367,3,false),"")} | C80: {=iferror(VLOOKUP(INDIRECT(ADDRESS(ROW()+1,COLUMN(), 4)),Dex!$A$2:$C367,3,false),"")} | D80: {=iferror(VLOOKUP(INDIRECT(ADDRESS(ROW()+1,COLUMN(), 4)),Dex!$A$2:$C367,3,false),"")} | E80: {=iferror(VLOOKUP(INDIRECT(ADDRESS(ROW()+1,COLUMN(), 4)),Dex!$A$2:$C367,3,false),"")} | F80: {=iferror(VLOOKUP(INDIRECT(ADDRESS(ROW()+1,COLUMN(), 4)),Dex!$A$2:$C367,3,false),"")} | G80: {=iferror(VLOOKUP(INDIRECT(ADDRESS(ROW()+1,COLUMN(), 4)),Dex!$A$2:$C367,3,false),"")} | H80: {=iferror(VLOOKUP("TRAINER_PIC_COOLTRAINER_F",Sprites!$A$1:$B367,2,false),"")}
B81: Pelipper | C81: Gorebyss | D81: Dragonite | E81: Scizor | F81: Whimsicott | G81: Swampert-Mega
A82: Level | B82: 94 | C82: 94 | D82: 93 | E82: 93 | F82: 93 | G82: 95
A83: Held Item | B83: Wacan Berry | C83: White Herb | D83: Lum Berry | E83: Steel Gem | F83: Life Orb | G83: Swampertite
A84: Ability | B84: Drizzle | C84: Swift Swim | D84: Multiscale | E84: Technician | F84: Prankster | G84: Swift Swim
A85: Nature | B85: Modest | C85: Modest | D85: Naive | E85: Jolly | F85: Timid | G85: Jolly
A86: Moves | B86: Hydro Pump | C86: Surf | D86: Hurricane | E86: Bug Bite | F86: Energy Ball | G86: Earthquake
B87: Hurricane | C87: Ice Beam | D87: Dragon Claw | E87: Bullet Punch | F87: Hurricane | G87: Liquidation
B88: Icy Wind | C88: Baton Pass | D88: Hydro Pump | E88: Quick Attack | F88: Weather Ball | G88: Stone Edge
B89: Detect | C89: Shell Smash | D89: Earthquake | E89: Swords Dance | F89: Grass Whistle | G89: Power-Up Punch
A90: Name | B90: Cool Trainer Caroline
A91: Pokémon | B91: {=iferror(VLOOKUP(INDIRECT(ADDRESS(ROW()+1,COLUMN(), 4)),Dex!$A$2:$C367,3,false),"")} | C91: {=iferror(VLOOKUP(INDIRECT(ADDRESS(ROW()+1,COLUMN(), 4)),Dex!$A$2:$C367,3,false),"")} | D91: {=iferror(VLOOKUP(INDIRECT(ADDRESS(ROW()+1,COLUMN(), 4)),Dex!$A$2:$C367,3,false),"")} | E91: {=iferror(VLOOKUP(INDIRECT(ADDRESS(ROW()+1,COLUMN(), 4)),Dex!$A$2:$C367,3,false),"")} | F91: {=iferror(VLOOKUP(INDIRECT(ADDRESS(ROW()+1,COLUMN(), 4)),Dex!$A$2:$C367,3,false),"")} | G91: {=iferror(VLOOKUP(INDIRECT(ADDRESS(ROW()+1,COLUMN(), 4)),Dex!$A$2:$C367,3,false),"")} | H91: {=iferror(VLOOKUP("TRAINER_PIC_COOLTRAINER_F",Sprites!$A$1:$B367,2,false),"")}
B92: Mudsdale | C92: Ferrothorn | D92: Blastoise | E92: Zoroark-Hisui | F92: Braviary-Hisui | G92: Gallade-Mega
A93: Level | B93: 94 | C93: 94 | D93: 94 | E93: 95 | F93: 95 | G93: 95
A94: Held Item | B94: Assault Vest | C94: Occa Berry | D94: White Herb | E94: Focus Sash | F94: Life Orb | G94: Galladite
A95: Ability | B95: Stamina | C95: Iron Barbs | D95: Torrent | E95: Illusion | F95: Sheer Force | G95: Inner Focus
A96: Nature | B96: Adamant | C96: Sassy | D96: Naive | E96: Timid | F96: Timid | G96: Jolly
A97: Moves | B97: Earthquake | C97: Power Whip | D97: Scald | E97: Hyper Voice | F97: Hurricane | G97: Close Combat
B98: Body Press | C98: Gyro Ball | D98: Earthquake | E98: Flamethrower | F98: Psychic | G98: Zen Headbutt
B99: Payback | C99: Spikes | D99: Ice Beam | E99: Grass Knot | F99: Heat Wave | G99: Poison Jab
B100: Heavy Slam | C100: Stealth Rock | D100: Shell Smash | E100: Nasty Plot | F100: Agility | G100: Knock Off
...

Sheet Pokémon League
A1: Name | B1: Elite Four Sidney
A2: Pokémon | B2: {=iferror(VLOOKUP(INDIRECT(ADDRESS(ROW()+1,COLUMN(), 4)),Dex!$A$2:$C99,3,false),"")} | C2: {=iferror(VLOOKUP(INDIRECT(ADDRESS(ROW()+1,COLUMN(), 4)),Dex!$A$2:$C99,3,false),"")} | D2: {=iferror(VLOOKUP(INDIRECT(ADDRESS(ROW()+1,COLUMN(), 4)),Dex!$A$2:$C99,3,false),"")} | E2: {=iferror(VLOOKUP(INDIRECT(ADDRESS(ROW()+1,COLUMN(), 4)),Dex!$A$2:$C99,3,false),"")} | F2: {=iferror(VLOOKUP(INDIRECT(ADDRESS(ROW()+1,COLUMN(), 4)),Dex!$A$2:$C99,3,false),"")} | G2: {=iferror(VLOOKUP(INDIRECT(ADDRESS(ROW()+1,COLUMN(), 4)),Dex!$A$2:$C99,3,false),"")} | H2: {=iferror(VLOOKUP("TRAINER_PIC_ELITE_FOUR_SIDNEY",Sprites!$A$1:$B99,2,false),"")}
B3: Greninja | C3: Necrozma | D3: Nidoking | E3: Urshifu | F3: Yveltal | G3: Gyarados-Mega
A4: Level | B4: 99 | C4: 99 | D4: 99 | E4: 100 | F4: 100 | G4: 100
A5: Held Item | B5: Focus Sash | C5: Leftovers | D5: Life Orb | E5: Roseli Berry | F5: Dread Plate | G5: Gyaradosite
A6: Ability | B6: Protean | C6: Prism Armor | D6: Sheer Force | E6: Unseen Fist | F6: Dark Aura | G6: Mold Breaker
A7: Nature | B7: Timid | C7: Naive | D7: Timid | E7: Jolly | F7: Timid | G7: Jolly
A8: Moves | B8: Dark Pulse | C8: Photon Geyser | D8: Sludge Wave | E8: Close Combat | F8: Dark Pulse | G8: Waterfall
B9: Scald | C9: Heat Wave | D9: Earth Power | E9: Wicked Blow | F9: Oblivion Wing | G9: Crunch
B10: Spikes | C10: Knock Off | D10: Ice Beam | E10: Sucker Punch | F10: Heat Wave | G10: Earthquake
B11: Toxic Spikes | C11: Stealth Rock | D11: Dark Pulse | E11: Swords Dance | F11: Roost | G11: Dragon Dance
A12: Name | B12: Elite Four Sidney [Double]
A13: Pokémon | B13: {=iferror(VLOOKUP(INDIRECT(ADDRESS(ROW()+1,COLUMN(), 4)),Dex!$A$2:$C99,3,false),"")} | C13: {=iferror(VLOOKUP(INDIRECT(ADDRESS(ROW()+1,COLUMN(), 4)),Dex!$A$2:$C99,3,false),"")} | D13: {=iferror(VLOOKUP(INDIRECT(ADDRESS(ROW()+1,COLUMN(), 4)),Dex!$A$2:$C99,3,false),"")} | E13: {=iferror(VLOOKUP(INDIRECT(ADDRESS(ROW()+1,COLUMN(), 4)),Dex!$A$2:$C99,3,false),"")} | F13: {=iferror(VLOOKUP(INDIRECT(ADDRESS(ROW()+1,COLUMN(), 4)),Dex!$A$2:$C99,3,false),"")} | G13: {=iferror(VLOOKUP(INDIRECT(ADDRESS(ROW()+1,COLUMN(), 4)),Dex!$A$2:$C99,3,false),"")} | H13: {=iferror(VLOOKUP("TRAINER_PIC_ELITE_FOUR_SIDNEY",Sprites!$A$1:$B99,2,false),"")}
B14: Incineroar | C14: Articuno-Galar | D14: Overqwil | E14: Urshifu | F14: Darkrai | G14: Gyarados-Mega
A15: Level | B15: 99 | C15: 99 | D15: 99 | E15: 100 | F15: 100 | G15: 100
A16: Held Item | B16: Iapapa Berry | C16: Lum Berry | D16: Assault Vest | E16: Focus Sash | F16: Life Orb | G16: Gyaradosite
A17: Ability | B17: Intimidate | C17: Competitive | D17: Intimidate | E17: Unseen Fist | F17: Bad Dreams | G17: Mold Breaker
A18: Nature | B18: Jolly | C18: Timid | D18: Jolly | E18: Jolly | F18: Timid | G18: Jolly
A19: Moves | B19: Flare Blitz | C19: Hurricane | D19: Gunk Shot | E19: Close Combat | F19: Dark Pulse | G19: Waterfall
B20: Knock Off | C20: Freezing Glare | D20: Crunch | E20: Wicked Blow | F20: Sludge Bomb | G20: Power Whip
B21: Fire Spin | C21: Hypnosis | D21: Fell Stinger | E21: Reversal | F21: Aura Sphere | G21: Lash Out
B22: Fake Out | C22: Tailwind | D22: Icy Wind | E22: Detect | F22: Dark Void | G22: Icy Wind
A23: Name | B23: Elite Four Phoebe
A24: Pokémon | B24: {=iferror(VLOOKUP(INDIRECT(ADDRESS(ROW()+1,COLUMN(), 4)),Dex!$A$2:$C99,3,false),"")} | C24: {=iferror(VLOOKUP(INDIRECT(ADDRESS(ROW()+1,COLUMN(), 4)),Dex!$A$2:$C99,3,false),"")} | D24: {=iferror(VLOOKUP(INDIRECT(ADDRESS(ROW()+1,COLUMN(), 4)),Dex!$A$2:$C99,3,false),"")} | E24: {=iferror(VLOOKUP(INDIRECT(ADDRESS(ROW()+1,COLUMN(), 4)),Dex!$A$2:$C99,3,false),"")} | F24: {=iferror(VLOOKUP(INDIRECT(ADDRESS(ROW()+1,COLUMN(), 4)),Dex!$A$2:$C99,3,false),"")} | G24: {=iferror(VLOOKUP(INDIRECT(ADDRESS(ROW()+1,COLUMN(), 4)),Dex!$A$2:$C99,3,false),"")} | H24: {=iferror(VLOOKUP("TRAINER_PIC_ELITE_FOUR_PHOEBE",Sprites!$A$1:$B99,2,false),"")}
B25: Crobat | C25: Zoroark-Hisui | D25: Gothitelle | E25: Lunala | F25: Marshadow | G25: Gengar-Mega
A26: Level | B26: 99 | C26: 100 | D26: 99 | E26: 100 | F26: 100 | G26: 100
A27: Held Item | B27: Flying Gem | C27: Life Orb | D27: Assault Vest | E27: Power Herb | F27: Lum Berry | G27: Gengarite
A28: Ability | B28: Inner Focus | C28: Illusion | D28: Shadow Tag | E28: Shadow Shield | F28: Technician | G28: Shadow Tag
A29: Nature | B29: Jolly | C29: Hasty | D29: Timid | E29: Timid | F29: Jolly | G29: Timid
A30: Moves | B30: Acrobatics | C30: Shadow Ball | D30: Psychic | E30: Moongeist Beam | F30: Close Combat | G30: Sludge Wave
B31: Super Fang | C31: Flamethrower | D31: Thunderbolt | E31: Meteor Beam | F31: Shadow Sneak | G31: Shadow Ball
B32: Hypnosis | C32: U-turn | D32: Dazzling Gleam | E32: Moonblast | F32: Knock Off | G32: Focus Blast
B33: Roost | C33: Grass Knot | D33: Shadow Ball | E33: Roost | F33: Bulk Up | G33: Destiny Bond
A34: Name | B34: Elite Four Phoebe [Double]
A35: Pokémon | B35: {=iferror(VLOOKUP(INDIRECT(ADDRESS(ROW()+1,COLUMN(), 4)),Dex!$A$2:$C99,3,false),"")} | C35: {=iferror(VLOOKUP(INDIRECT(ADDRESS(ROW()+1,COLUMN(), 4)),Dex!$A$2:$C99,3,false),"")} | D35: {=iferror(VLOOKUP(INDIRECT(ADDRESS(ROW()+1,COLUMN(), 4)),Dex!$A$2:$C99,3,false),"")} | E35: {=iferror(VLOOKUP(INDIRECT(ADDRESS(ROW()+1,COLUMN(), 4)),Dex!$A$2:$C99,3,false),"")} | F35: {=iferror(VLOOKUP(INDIRECT(ADDRESS(ROW()+1,COLUMN(), 4)),Dex!$A$2:$C99,3,false),"")} | G35: {=iferror(VLOOKUP(INDIRECT(ADDRESS(ROW()+1,COLUMN(), 4)),Dex!$A$2:$C99,3,false),"")} | H35: {=iferror(VLOOKUP("TRAINER_PIC_ELITE_FOUR_PHOEBE",Sprites!$A$1:$B99,2,false),"")}
B36: Decidueye-Hisui | C36: Chandelure | D36: Blastoise | E36: Lunala | F36: Giratina-Origin | G36: Gengar-Mega
A37: Level | B37: 99 | C37: 100 | D37: 99 | E37: 100 | F37: 100 | G37: 100
A38: Held Item | B38: Focus Sash | C38: Kasib Berry | D38: Iapapa Berry | E38: Power Herb | F38: Griseous Orb | G38: Gengarite
A39: Ability | B39: Scrappy | C39: Shadow Tag | D39: Torrent | E39: Shadow Shield | F39: Levitate | G39: Shadow Tag
A40: Nature | B40: Jolly | C40: Timid | D40: Timid | E40: Timid | F40: Naive | G40: Timid
A41: Moves | B41: Close Combat | C41: Fire Blast | D41: Muddy Water | E41: Moongeist Beam | F41: Poltergeist | G41: Sludge Wave
B42: Leaf Blade | C42: Heat Wave | D42: Focus Blast | E42: Meteor Beam | F42: Dragon Pulse | G42: Shadow Ball
B43: Knock Off | C43: Shadow Ball | D43: Follow Me | E43: Dazzling Gleam | F43: Shadow Sneak | G43: Focus Blast
B44: Tailwind | C44: Protect | D44: Fake Out | E44: Tailwind | F44: Flamethrower | G44: Protect
A45: Name | B45: Elite Four Glacia
A46: Pokémon | B46: {=iferror(VLOOKUP(INDIRECT(ADDRESS(ROW()+1,COLUMN(), 4)),Dex!$A$2:$C99,3,false),"")} | C46: {=iferror(VLOOKUP(INDIRECT(ADDRESS(ROW()+1,COLUMN(), 4)),Dex!$A$2:$C99,3,false),"")} | D46: {=iferror(VLOOKUP(INDIRECT(ADDRESS(ROW()+1,COLUMN(), 4)),Dex!$A$2:$C99,3,false),"")} | E46: {=iferror(VLOOKUP(INDIRECT(ADDRESS(ROW()+1,COLUMN(), 4)),Dex!$A$2:$C99,3,false),"")} | F46: {=iferror(VLOOKUP(INDIRECT(ADDRESS(ROW()+1,COLUMN(), 4)),Dex!$A$2:$C99,3,false),"")} | G46: {=iferror(VLOOKUP(INDIRECT(ADDRESS(ROW()+1,COLUMN(), 4)),Dex!$A$2:$C99,3,false),"")} | H46: {=iferror(VLOOKUP("TRAINER_PIC_ELITE_FOUR_GLACIA",Sprites!$A$1:$B99,2,false),"")}
B47: Mamoswine | C47: Abomasnow-Mega | D47: Arctovish | E47: Enamorus-T | F47: Kyurem-White | G47: Calyrex-Ice
A48: Level | B48: 100 | C48: 100 | D48: 100 | E48: 99 | F48: 100 | G48: 100
A49: Held Item | B49: Focus Sash | C49: Abomasite | D49: Ice Gem | E49: Leftovers | F49: Assault Vest | G49: Custap Berry
A50: Ability | B50: Oblivious | C50: Snow Warning | D50: Slush Rush | E50: Overcoat | F50: Turboblaze | G50: As One (Glastrier)
A51: Nature | B51: Jolly | C51: Modest | D51: Naive | E51: Bold | F51: Timid | G51: Jolly
A52: Moves | B52: Earthquake | C52: Blizzard | D52: Fishious Rend | E52: Moonblast | F52: Dragon Pulse | G52: Glacial Lance
B53: Icicle Crash | C53: Giga Drain | D53: Blizzard | E53: Mystical Fire | F53: Ice Beam | G53: High Horsepower
B54: Stone Edge | C54: Focus Blast | D54: Icicle Crash | E54: Calm Mind | F54: Fusion Flare | G54: Substitute
B55: Stealth Rock | C55: Aurora Veil | D55: Whirlpool | E55: Rest | F55: Earth Power | G55: Swords Dance
A56: Name | B56: Elite Four Glacia [Double]
A57: Pokémon | B57: {=iferror(VLOOKUP(INDIRECT(ADDRESS(ROW()+1,COLUMN(), 4)),Dex!$A$2:$C99,3,false),"")} | C57: {=iferror(VLOOKUP(INDIRECT(ADDRESS(ROW()+1,COLUMN(), 4)),Dex!$A$2:$C99,3,false),"")} | D57: {=iferror(VLOOKUP(INDIRECT(ADDRESS(ROW()+1,COLUMN(), 4)),Dex!$A$2:$C99,3,false),"")} | E57: {=iferror(VLOOKUP(INDIRECT(ADDRESS(ROW()+1,COLUMN(), 4)),Dex!$A$2:$C99,3,false),"")} | F57: {=iferror(VLOOKUP(INDIRECT(ADDRESS(ROW()+1,COLUMN(), 4)),Dex!$A$2:$C99,3,false),"")} | G57: {=iferror(VLOOKUP(INDIRECT(ADDRESS(ROW()+1,COLUMN(), 4)),Dex!$A$2:$C99,3,false),"")} | H57: {=iferror(VLOOKUP("TRAINER_PIC_ELITE_FOUR_GLACIA",Sprites!$A$1:$B99,2,false),"")}
B58: Magearna | C58: Crabominable | D58: Abomasnow-Mega | E58: Porygon2 | F58: Calyrex-Ice | G58: Kyurem-Black
A59: Level | B59: 100 | C59: 100 | D59: 100 | E59: 99 | F59: 100 | G59: 100
A60: Held Item | B60: Occa Berry | C60: Focus Sash | D60: Abomasite | E60: Eviolite | F60: Ice Gem | G60: Room Service
A61: Ability | B61: Soul-Heart | C61: Hyper Cutter | D61: Snow Warning | E61: Download | F61: As One (Glastrier) | G61: Teravolt
A62: Nature | B62: Quiet | C62: Brave | D62: Quiet | E62: Quiet | F62: Brave | G62: Brave
A63: Moves | B63: Flash Cannon | C63: Close Combat | D63: Blizzard | E63: Tri Attack | F63: Glacial Lance | G63: Draco Meteor
B64: Dazzling Gleam | C64: Ice Hammer | D64: Giga Drain | E64: Blizzard | F64: Zen Headbutt | G64: Icicle Spear
B65: Encore | C65: Reversal | D65: Earth Power | E65: Psychic | F65: Close Combat | G65: Fusion Bolt
B66: Trick Room | C66: Crabhammer | D66: Aurora Veil | E66: Trick Room | F66: Trick Room | G66: Stone Edge
A67: Name | B67: Elite Four Drake
A68: Pokémon | B68: {=iferror(VLOOKUP(INDIRECT(ADDRESS(ROW()+1,COLUMN(), 4)),Dex!$A$2:$C99,3,false),"")} | C68: {=iferror(VLOOKUP(INDIRECT(ADDRESS(ROW()+1,COLUMN(), 4)),Dex!$A$2:$C99,3,false),"")} | D68: {=iferror(VLOOKUP(INDIRECT(ADDRESS(ROW()+1,COLUMN(), 4)),Dex!$A$2:$C99,3,false),"")} | E68: {=iferror(VLOOKUP(INDIRECT(ADDRESS(ROW()+1,COLUMN(), 4)),Dex!$A$2:$C99,3,false),"")} | F68: {=iferror(VLOOKUP(INDIRECT(ADDRESS(ROW()+1,COLUMN(), 4)),Dex!$A$2:$C99,3,false),"")} | G68: {=iferror(VLOOKUP(INDIRECT(ADDRESS(ROW()+1,COLUMN(), 4)),Dex!$A$2:$C99,3,false),"")} | H68: {=iferror(VLOOKUP("TRAINER_PIC_ELITE_FOUR_DRAKE",Sprites!$A$1:$B99,2,false),"")}
B69: Dragapult | C69: Crawdaunt | D69: Zygarde | E69: Suicune | F69: Reshiram | G69: Salamence-Mega
A70: Level | B70: 100 | C70: 100 | D70: 100 | E70: 100 | F70: 100 | G70: 100
A71: Held Item | B71: Life Orb | C71: Focus Sash | D71: Haban Berry | E71: Leftovers | F71: Lum Berry | G71: Salamencite
A72: Ability | B72: Clear Body | C72: Adaptability | D72: Power Construct | E72: Pressure | F72: Turboblaze | G72: Aerilate
A73: Nature | B73: Naive | C73: Jolly | D73: Jolly | E73: Timid | F73: Timid | G73: Jolly
A74: Moves | B74: Dragon Darts | C74: Crabhammer | D74: Thousand Arrows | E74: Scald | F74: Blue Flare | G74: Return
B75: Shadow Ball | C75: Lash Out | D75: Dragon Claw | E75: Ice Beam | F75: Dragon Pulse | G75: Earthquake
B76: Fire Blast | C76: Close Combat | D76: Coil | E76: Calm Mind | F76: Earth Power | G76: Dragon Dance
B77: Steel Wing | C77: Dragon Dance | D77: Glare | E77: Substitute | F77: Roost | G77: Roost
A78: Name | B78: Elite Four Drake [Double]
A79: Pokémon | B79: {=iferror(VLOOKUP(INDIRECT(ADDRESS(ROW()+1,COLUMN(), 4)),Dex!$A$2:$C99,3,false),"")} | C79: {=iferror(VLOOKUP(INDIRECT(ADDRESS(ROW()+1,COLUMN(), 4)),Dex!$A$2:$C99,3,false),"")} | D79: {=iferror(VLOOKUP(INDIRECT(ADDRESS(ROW()+1,COLUMN(), 4)),Dex!$A$2:$C99,3,false),"")} | E79: {=iferror(VLOOKUP(INDIRECT(ADDRESS(ROW()+1,COLUMN(), 4)),Dex!$A$2:$C99,3,false),"")} | F79: {=iferror(VLOOKUP(INDIRECT(ADDRESS(ROW()+1,COLUMN(), 4)),Dex!$A$2:$C99,3,false),"")} | G79: {=iferror(VLOOKUP(INDIRECT(ADDRESS(ROW()+1,COLUMN(), 4)),Dex!$A$2:$C99,3,false),"")} | H79: {=iferror(VLOOKUP("TRAINER_PIC_ELITE_FOUR_DRAKE",Sprites!$A$1:$B99,2,false),"")}
B80: Dragapult | C80: Suicune | D80: Zygarde | E80: Charizard | F80: Zekrom | G80: Salamence-Mega
A81: Level | B81: 100 | C81: 100 | D81: 100 | E81: 100 | F81: 100 | G81: 100
A82: Held Item | B82: Focus Sash | C82: Leftovers | D82: Leftovers | E82: Life Orb | F82: White Herb | G82: Salamencite
A83: Ability | B83: Clear Body | C83: Inner Focus | D83: Power Construct | E83: Blaze | F83: Teravolt | G83: Aerilate
A84: Nature | B84: Naive | C84: Bold | D84: Careful | E84: Timid | F84: Hasty | G84: Timid
A85: Moves | B85: Dragon Darts | C85: Scald | D85: Thousand Waves | E85: Heat Wave | F85: Draco Meteor | G85: Dragon Pulse
B86: Shadow Ball | C86: Snarl | D86: Breaking Swipe | E86: Hurricane | F86: Bolt Strike | G86: Hyper Voice
B87: Light Screen | C87: Calm Mind | D87: Extreme Speed | E87: Aura Sphere | F87: Scale Shot | G87: Flamethrower
B88: Reflect | C88: Tailwind | D88: Coil | E88: Tailwind | F88: Protect | G88: Tailwind
A89: Name | B89: Champion Wallace
A90: Pokémon | B90: {=iferror(VLOOKUP(INDIRECT(ADDRESS(ROW()+1,COLUMN(), 4)),Dex!$A$2:$C99,3,false),"")} | C90: {=iferror(VLOOKUP(INDIRECT(ADDRESS(ROW()+1,COLUMN(), 4)),Dex!$A$2:$C99,3,false),"")} | D90: {=iferror(VLOOKUP(INDIRECT(ADDRESS(ROW()+1,COLUMN(), 4)),Dex!$A$2:$C99,3,false),"")} | E90: {=iferror(VLOOKUP(INDIRECT(ADDRESS(ROW()+1,COLUMN(), 4)),Dex!$A$2:$C99,3,false),"")} | F90: {=iferror(VLOOKUP(INDIRECT(ADDRESS(ROW()+1,COLUMN(), 4)),Dex!$A$2:$C99,3,false),"")} | G90: {=iferror(VLOOKUP(INDIRECT(ADDRESS(ROW()+1,COLUMN(), 4)),Dex!$A$2:$C99,3,false),"")} | H90: {=iferror(VLOOKUP("TRAINER_PIC_CHAMPION_WALLACE",Sprites!$A$1:$B99,2,false),"")}
B91: Kyogre-Primal | C91: Barraskewda | D91: Goodra-Hisui | E91: Palkia | F91: Manaphy | G91: Swampert-Mega
A92: Level | B92: 100 | C92: 100 | D92: 100 | E92: 100 | F92: 100 | G92: 100
A93: Held Item | B93: Blue Orb | C93: Choice Band | D93: Leftovers | E93: Scope Lens | F93: Leftovers | G93: Swampertite
A94: Ability | B94: Primordial Sea | C94: Swift Swim | D94: Shell Armor | E94: Pressure | F94: Hydration | G94: Swift Swim
A95: Nature | B95: Hasty | C95: Adamant | D95: Relaxed | E95: Timid | F95: Timid | G95: Jolly
A96: Moves | B96: Origin Pulse | C96: Liquidation | D96: Heavy Slam | E96: Draco Meteor | F96: Scald | G96: Earthquake
B97: Liquidation | C97: Flip Turn | D97: Aqua Tail | E97: Hydro Pump | F97: Energy Ball | G97: Liquidation
B98: Thunder | D98: Curse | E98: Earth Power | F98: Ice Beam | G98: Stone Edge
B99: Ice Beam | D99: Rest | E99: Focus Energy | F99: Tail Glow | G99: Ice Punch
